noise_level,noise_percent,replicate,seed,method,success,failure_reason,fitted_vmax,fitted_km,vmax_absolute_error,km_absolute_error,vmax_relative_error,km_relative_error,r2
0.0,0.0,0,2048,nonlinear,True,,99.99999999999933,4.999999999999844,6.679101716144942e-13,1.5631940186722204e-13,6.679101716144941e-15,3.126388037344441e-14,1.0
0.0,0.0,0,2048,lineweaver_burk,True,,99.99999999999987,4.999999999999999,1.2789769243681803e-13,8.881784197001252e-16,1.2789769243681803e-15,1.7763568394002506e-16,1.0
0.0,0.0,1,2049,nonlinear,True,,99.99999999999933,4.999999999999844,6.679101716144942e-13,1.5631940186722204e-13,6.679101716144941e-15,3.126388037344441e-14,1.0
0.0,0.0,1,2049,lineweaver_burk,True,,99.99999999999987,4.999999999999999,1.2789769243681803e-13,8.881784197001252e-16,1.2789769243681803e-15,1.7763568394002506e-16,1.0
0.0,0.0,2,2050,nonlinear,True,,99.99999999999933,4.999999999999844,6.679101716144942e-13,1.5631940186722204e-13,6.679101716144941e-15,3.126388037344441e-14,1.0
0.0,0.0,2,2050,lineweaver_burk,True,,99.99999999999987,4.999999999999999,1.2789769243681803e-13,8.881784197001252e-16,1.2789769243681803e-15,1.7763568394002506e-16,1.0
0.0,0.0,3,2051,nonlinear,True,,99.99999999999933,4.999999999999844,6.679101716144942e-13,1.5631940186722204e-13,6.679101716144941e-15,3.126388037344441e-14,1.0
0.0,0.0,3,2051,lineweaver_burk,True,,99.99999999999987,4.999999999999999,1.2789769243681803e-13,8.881784197001252e-16,1.2789769243681803e-15,1.7763568394002506e-16,1.0
0.0,0.0,4,2052,nonlinear,True,,99.99999999999933,4.999999999999844,6.679101716144942e-13,1.5631940186722204e-13,6.679101716144941e-15,3.126388037344441e-14,1.0
0.0,0.0,4,2052,lineweaver_burk,True,,99.99999999999987,4.999999999999999,1.2789769243681803e-13,8.881784197001252e-16,1.2789769243681803e-15,1.7763568394002506e-16,1.0
0.0,0.0,5,2053,nonlinear,True,,99.99999999999933,4.999999999999844,6.679101716144942e-13,1.5631940186722204e-13,6.679101716144941e-15,3.126388037344441e-14,1.0
0.0,0.0,5,2053,lineweaver_burk,True,,99.99999999999987,4.999999999999999,1.2789769243681803e-13,8.881784197001252e-16,1.2789769243681803e-15,1.7763568394002506e-16,1.0
0.0,0.0,6,2054,nonlinear,True,,99.99999999999933,4.999999999999844,6.679101716144942e-13,1.5631940186722204e-13,6.679101716144941e-15,3.126388037344441e-14,1.0
0.0,0.0,6,2054,lineweaver_burk,True,,99.99999999999987,4.999999999999999,1.2789769243681803e-13,8.881784197001252e-16,1.2789769243681803e-15,1.7763568394002506e-16,1.0
0.0,0.0,7,2055,nonlinear,True,,99.99999999999933,4.999999999999844,6.679101716144942e-13,1.5631940186722204e-13,6.679101716144941e-15,3.126388037344441e-14,1.0
0.0,0.0,7,2055,lineweaver_burk,True,,99.99999999999987,4.999999999999999,1.2789769243681803e-13,8.881784197001252e-16,1.2789769243681803e-15,1.7763568394002506e-16,1.0
0.0,0.0,8,2056,nonlinear,True,,99.99999999999933,4.999999999999844,6.679101716144942e-13,1.5631940186722204e-13,6.679101716144941e-15,3.126388037344441e-14,1.0
0.0,0.0,8,2056,lineweaver_burk,True,,99.99999999999987,4.999999999999999,1.2789769243681803e-13,8.881784197001252e-16,1.2789769243681803e-15,1.7763568394002506e-16,1.0
0.0,0.0,9,2057,nonlinear,True,,99.99999999999933,4.999999999999844,6.679101716144942e-13,1.5631940186722204e-13,6.679101716144941e-15,3.126388037344441e-14,1.0
0.0,0.0,9,2057,lineweaver_burk,True,,99.99999999999987,4.999999999999999,1.2789769243681803e-13,8.881784197001252e-16,1.2789769243681803e-15,1.7763568394002506e-16,1.0
0.0,0.0,10,2058,nonlinear,True,,99.99999999999933,4.999999999999844,6.679101716144942e-13,1.5631940186722204e-13,6.679101716144941e-15,3.126388037344441e-14,1.0
0.0,0.0,10,2058,lineweaver_burk,True,,99.99999999999987,4.999999999999999,1.2789769243681803e-13,8.881784197001252e-16,1.2789769243681803e-15,1.7763568394002506e-16,1.0
0.0,0.0,11,2059,nonlinear,True,,99.99999999999933,4.999999999999844,6.679101716144942e-13,1.5631940186722204e-13,6.679101716144941e-15,3.126388037344441e-14,1.0
0.0,0.0,11,2059,lineweaver_burk,True,,99.99999999999987,4.999999999999999,1.2789769243681803e-13,8.881784197001252e-16,1.2789769243681803e-15,1.7763568394002506e-16,1.0
0.0,0.0,12,2060,nonlinear,True,,99.99999999999933,4.999999999999844,6.679101716144942e-13,1.5631940186722204e-13,6.679101716144941e-15,3.126388037344441e-14,1.0
0.0,0.0,12,2060,lineweaver_burk,True,,99.99999999999987,4.999999999999999,1.2789769243681803e-13,8.881784197001252e-16,1.2789769243681803e-15,1.7763568394002506e-16,1.0
0.0,0.0,13,2061,nonlinear,True,,99.99999999999933,4.999999999999844,6.679101716144942e-13,1.5631940186722204e-13,6.679101716144941e-15,3.126388037344441e-14,1.0
0.0,0.0,13,2061,lineweaver_burk,True,,99.99999999999987,4.999999999999999,1.2789769243681803e-13,8.881784197001252e-16,1.2789769243681803e-15,1.7763568394002506e-16,1.0
0.0,0.0,14,2062,nonlinear,True,,99.99999999999933,4.999999999999844,6.679101716144942e-13,1.5631940186722204e-13,6.679101716144941e-15,3.126388037344441e-14,1.0
0.0,0.0,14,2062,lineweaver_burk,True,,99.99999999999987,4.999999999999999,1.2789769243681803e-13,8.881784197001252e-16,1.2789769243681803e-15,1.7763568394002506e-16,1.0
0.0,0.0,15,2063,nonlinear,True,,99.99999999999933,4.999999999999844,6.679101716144942e-13,1.5631940186722204e-13,6.679101716144941e-15,3.126388037344441e-14,1.0
0.0,0.0,15,2063,lineweaver_burk,True,,99.99999999999987,4.999999999999999,1.2789769243681803e-13,8.881784197001252e-16,1.2789769243681803e-15,1.7763568394002506e-16,1.0
0.0,0.0,16,2064,nonlinear,True,,99.99999999999933,4.999999999999844,6.679101716144942e-13,1.5631940186722204e-13,6.679101716144941e-15,3.126388037344441e-14,1.0
0.0,0.0,16,2064,lineweaver_burk,True,,99.99999999999987,4.999999999999999,1.2789769243681803e-13,8.881784197001252e-16,1.2789769243681803e-15,1.7763568394002506e-16,1.0
0.0,0.0,17,2065,nonlinear,True,,99.99999999999933,4.999999999999844,6.679101716144942e-13,1.5631940186722204e-13,6.679101716144941e-15,3.126388037344441e-14,1.0
0.0,0.0,17,2065,lineweaver_burk,True,,99.99999999999987,4.999999999999999,1.2789769243681803e-13,8.881784197001252e-16,1.2789769243681803e-15,1.7763568394002506e-16,1.0
0.0,0.0,18,2066,nonlinear,True,,99.99999999999933,4.999999999999844,6.679101716144942e-13,1.5631940186722204e-13,6.679101716144941e-15,3.126388037344441e-14,1.0
0.0,0.0,18,2066,lineweaver_burk,True,,99.99999999999987,4.999999999999999,1.2789769243681803e-13,8.881784197001252e-16,1.2789769243681803e-15,1.7763568394002506e-16,1.0
0.0,0.0,19,2067,nonlinear,True,,99.99999999999933,4.999999999999844,6.679101716144942e-13,1.5631940186722204e-13,6.679101716144941e-15,3.126388037344441e-14,1.0
0.0,0.0,19,2067,lineweaver_burk,True,,99.99999999999987,4.999999999999999,1.2789769243681803e-13,8.881784197001252e-16,1.2789769243681803e-15,1.7763568394002506e-16,1.0
0.0,0.0,20,2068,nonlinear,True,,99.99999999999933,4.999999999999844,6.679101716144942e-13,1.5631940186722204e-13,6.679101716144941e-15,3.126388037344441e-14,1.0
0.0,0.0,20,2068,lineweaver_burk,True,,99.99999999999987,4.999999999999999,1.2789769243681803e-13,8.881784197001252e-16,1.2789769243681803e-15,1.7763568394002506e-16,1.0
0.0,0.0,21,2069,nonlinear,True,,99.99999999999933,4.999999999999844,6.679101716144942e-13,1.5631940186722204e-13,6.679101716144941e-15,3.126388037344441e-14,1.0
0.0,0.0,21,2069,lineweaver_burk,True,,99.99999999999987,4.999999999999999,1.2789769243681803e-13,8.881784197001252e-16,1.2789769243681803e-15,1.7763568394002506e-16,1.0
0.0,0.0,22,2070,nonlinear,True,,99.99999999999933,4.999999999999844,6.679101716144942e-13,1.5631940186722204e-13,6.679101716144941e-15,3.126388037344441e-14,1.0
0.0,0.0,22,2070,lineweaver_burk,True,,99.99999999999987,4.999999999999999,1.2789769243681803e-13,8.881784197001252e-16,1.2789769243681803e-15,1.7763568394002506e-16,1.0
0.0,0.0,23,2071,nonlinear,True,,99.99999999999933,4.999999999999844,6.679101716144942e-13,1.5631940186722204e-13,6.679101716144941e-15,3.126388037344441e-14,1.0
0.0,0.0,23,2071,lineweaver_burk,True,,99.99999999999987,4.999999999999999,1.2789769243681803e-13,8.881784197001252e-16,1.2789769243681803e-15,1.7763568394002506e-16,1.0
0.0,0.0,24,2072,nonlinear,True,,99.99999999999933,4.999999999999844,6.679101716144942e-13,1.5631940186722204e-13,6.679101716144941e-15,3.126388037344441e-14,1.0
0.0,0.0,24,2072,lineweaver_burk,True,,99.99999999999987,4.999999999999999,1.2789769243681803e-13,8.881784197001252e-16,1.2789769243681803e-15,1.7763568394002506e-16,1.0
0.0,0.0,25,2073,nonlinear,True,,99.99999999999933,4.999999999999844,6.679101716144942e-13,1.5631940186722204e-13,6.679101716144941e-15,3.126388037344441e-14,1.0
0.0,0.0,25,2073,lineweaver_burk,True,,99.99999999999987,4.999999999999999,1.2789769243681803e-13,8.881784197001252e-16,1.2789769243681803e-15,1.7763568394002506e-16,1.0
0.0,0.0,26,2074,nonlinear,True,,99.99999999999933,4.999999999999844,6.679101716144942e-13,1.5631940186722204e-13,6.679101716144941e-15,3.126388037344441e-14,1.0
0.0,0.0,26,2074,lineweaver_burk,True,,99.99999999999987,4.999999999999999,1.2789769243681803e-13,8.881784197001252e-16,1.2789769243681803e-15,1.7763568394002506e-16,1.0
0.0,0.0,27,2075,nonlinear,True,,99.99999999999933,4.999999999999844,6.679101716144942e-13,1.5631940186722204e-13,6.679101716144941e-15,3.126388037344441e-14,1.0
0.0,0.0,27,2075,lineweaver_burk,True,,99.99999999999987,4.999999999999999,1.2789769243681803e-13,8.881784197001252e-16,1.2789769243681803e-15,1.7763568394002506e-16,1.0
0.0,0.0,28,2076,nonlinear,True,,99.99999999999933,4.999999999999844,6.679101716144942e-13,1.5631940186722204e-13,6.679101716144941e-15,3.126388037344441e-14,1.0
0.0,0.0,28,2076,lineweaver_burk,True,,99.99999999999987,4.999999999999999,1.2789769243681803e-13,8.881784197001252e-16,1.2789769243681803e-15,1.7763568394002506e-16,1.0
0.0,0.0,29,2077,nonlinear,True,,99.99999999999933,4.999999999999844,6.679101716144942e-13,1.5631940186722204e-13,6.679101716144941e-15,3.126388037344441e-14,1.0
0.0,0.0,29,2077,lineweaver_burk,True,,99.99999999999987,4.999999999999999,1.2789769243681803e-13,8.881784197001252e-16,1.2789769243681803e-15,1.7763568394002506e-16,1.0
0.0,0.0,30,2078,nonlinear,True,,99.99999999999933,4.999999999999844,6.679101716144942e-13,1.5631940186722204e-13,6.679101716144941e-15,3.126388037344441e-14,1.0
0.0,0.0,30,2078,lineweaver_burk,True,,99.99999999999987,4.999999999999999,1.2789769243681803e-13,8.881784197001252e-16,1.2789769243681803e-15,1.7763568394002506e-16,1.0
0.0,0.0,31,2079,nonlinear,True,,99.99999999999933,4.999999999999844,6.679101716144942e-13,1.5631940186722204e-13,6.679101716144941e-15,3.126388037344441e-14,1.0
0.0,0.0,31,2079,lineweaver_burk,True,,99.99999999999987,4.999999999999999,1.2789769243681803e-13,8.881784197001252e-16,1.2789769243681803e-15,1.7763568394002506e-16,1.0
0.0,0.0,32,2080,nonlinear,True,,99.99999999999933,4.999999999999844,6.679101716144942e-13,1.5631940186722204e-13,6.679101716144941e-15,3.126388037344441e-14,1.0
0.0,0.0,32,2080,lineweaver_burk,True,,99.99999999999987,4.999999999999999,1.2789769243681803e-13,8.881784197001252e-16,1.2789769243681803e-15,1.7763568394002506e-16,1.0
0.0,0.0,33,2081,nonlinear,True,,99.99999999999933,4.999999999999844,6.679101716144942e-13,1.5631940186722204e-13,6.679101716144941e-15,3.126388037344441e-14,1.0
0.0,0.0,33,2081,lineweaver_burk,True,,99.99999999999987,4.999999999999999,1.2789769243681803e-13,8.881784197001252e-16,1.2789769243681803e-15,1.7763568394002506e-16,1.0
0.0,0.0,34,2082,nonlinear,True,,99.99999999999933,4.999999999999844,6.679101716144942e-13,1.5631940186722204e-13,6.679101716144941e-15,3.126388037344441e-14,1.0
0.0,0.0,34,2082,lineweaver_burk,True,,99.99999999999987,4.999999999999999,1.2789769243681803e-13,8.881784197001252e-16,1.2789769243681803e-15,1.7763568394002506e-16,1.0
0.0,0.0,35,2083,nonlinear,True,,99.99999999999933,4.999999999999844,6.679101716144942e-13,1.5631940186722204e-13,6.679101716144941e-15,3.126388037344441e-14,1.0
0.0,0.0,35,2083,lineweaver_burk,True,,99.99999999999987,4.999999999999999,1.2789769243681803e-13,8.881784197001252e-16,1.2789769243681803e-15,1.7763568394002506e-16,1.0
0.0,0.0,36,2084,nonlinear,True,,99.99999999999933,4.999999999999844,6.679101716144942e-13,1.5631940186722204e-13,6.679101716144941e-15,3.126388037344441e-14,1.0
0.0,0.0,36,2084,lineweaver_burk,True,,99.99999999999987,4.999999999999999,1.2789769243681803e-13,8.881784197001252e-16,1.2789769243681803e-15,1.7763568394002506e-16,1.0
0.0,0.0,37,2085,nonlinear,True,,99.99999999999933,4.999999999999844,6.679101716144942e-13,1.5631940186722204e-13,6.679101716144941e-15,3.126388037344441e-14,1.0
0.0,0.0,37,2085,lineweaver_burk,True,,99.99999999999987,4.999999999999999,1.2789769243681803e-13,8.881784197001252e-16,1.2789769243681803e-15,1.7763568394002506e-16,1.0
0.0,0.0,38,2086,nonlinear,True,,99.99999999999933,4.999999999999844,6.679101716144942e-13,1.5631940186722204e-13,6.679101716144941e-15,3.126388037344441e-14,1.0
0.0,0.0,38,2086,lineweaver_burk,True,,99.99999999999987,4.999999999999999,1.2789769243681803e-13,8.881784197001252e-16,1.2789769243681803e-15,1.7763568394002506e-16,1.0
0.0,0.0,39,2087,nonlinear,True,,99.99999999999933,4.999999999999844,6.679101716144942e-13,1.5631940186722204e-13,6.679101716144941e-15,3.126388037344441e-14,1.0
0.0,0.0,39,2087,lineweaver_burk,True,,99.99999999999987,4.999999999999999,1.2789769243681803e-13,8.881784197001252e-16,1.2789769243681803e-15,1.7763568394002506e-16,1.0
0.0,0.0,40,2088,nonlinear,True,,99.99999999999933,4.999999999999844,6.679101716144942e-13,1.5631940186722204e-13,6.679101716144941e-15,3.126388037344441e-14,1.0
0.0,0.0,40,2088,lineweaver_burk,True,,99.99999999999987,4.999999999999999,1.2789769243681803e-13,8.881784197001252e-16,1.2789769243681803e-15,1.7763568394002506e-16,1.0
0.0,0.0,41,2089,nonlinear,True,,99.99999999999933,4.999999999999844,6.679101716144942e-13,1.5631940186722204e-13,6.679101716144941e-15,3.126388037344441e-14,1.0
0.0,0.0,41,2089,lineweaver_burk,True,,99.99999999999987,4.999999999999999,1.2789769243681803e-13,8.881784197001252e-16,1.2789769243681803e-15,1.7763568394002506e-16,1.0
0.0,0.0,42,2090,nonlinear,True,,99.99999999999933,4.999999999999844,6.679101716144942e-13,1.5631940186722204e-13,6.679101716144941e-15,3.126388037344441e-14,1.0
0.0,0.0,42,2090,lineweaver_burk,True,,99.99999999999987,4.999999999999999,1.2789769243681803e-13,8.881784197001252e-16,1.2789769243681803e-15,1.7763568394002506e-16,1.0
0.0,0.0,43,2091,nonlinear,True,,99.99999999999933,4.999999999999844,6.679101716144942e-13,1.5631940186722204e-13,6.679101716144941e-15,3.126388037344441e-14,1.0
0.0,0.0,43,2091,lineweaver_burk,True,,99.99999999999987,4.999999999999999,1.2789769243681803e-13,8.881784197001252e-16,1.2789769243681803e-15,1.7763568394002506e-16,1.0
0.0,0.0,44,2092,nonlinear,True,,99.99999999999933,4.999999999999844,6.679101716144942e-13,1.5631940186722204e-13,6.679101716144941e-15,3.126388037344441e-14,1.0
0.0,0.0,44,2092,lineweaver_burk,True,,99.99999999999987,4.999999999999999,1.2789769243681803e-13,8.881784197001252e-16,1.2789769243681803e-15,1.7763568394002506e-16,1.0
0.0,0.0,45,2093,nonlinear,True,,99.99999999999933,4.999999999999844,6.679101716144942e-13,1.5631940186722204e-13,6.679101716144941e-15,3.126388037344441e-14,1.0
0.0,0.0,45,2093,lineweaver_burk,True,,99.99999999999987,4.999999999999999,1.2789769243681803e-13,8.881784197001252e-16,1.2789769243681803e-15,1.7763568394002506e-16,1.0
0.0,0.0,46,2094,nonlinear,True,,99.99999999999933,4.999999999999844,6.679101716144942e-13,1.5631940186722204e-13,6.679101716144941e-15,3.126388037344441e-14,1.0
0.0,0.0,46,2094,lineweaver_burk,True,,99.99999999999987,4.999999999999999,1.2789769243681803e-13,8.881784197001252e-16,1.2789769243681803e-15,1.7763568394002506e-16,1.0
0.0,0.0,47,2095,nonlinear,True,,99.99999999999933,4.999999999999844,6.679101716144942e-13,1.5631940186722204e-13,6.679101716144941e-15,3.126388037344441e-14,1.0
0.0,0.0,47,2095,lineweaver_burk,True,,99.99999999999987,4.999999999999999,1.2789769243681803e-13,8.881784197001252e-16,1.2789769243681803e-15,1.7763568394002506e-16,1.0
0.0,0.0,48,2096,nonlinear,True,,99.99999999999933,4.999999999999844,6.679101716144942e-13,1.5631940186722204e-13,6.679101716144941e-15,3.126388037344441e-14,1.0
0.0,0.0,48,2096,lineweaver_burk,True,,99.99999999999987,4.999999999999999,1.2789769243681803e-13,8.881784197001252e-16,1.2789769243681803e-15,1.7763568394002506e-16,1.0
0.0,0.0,49,2097,nonlinear,True,,99.99999999999933,4.999999999999844,6.679101716144942e-13,1.5631940186722204e-13,6.679101716144941e-15,3.126388037344441e-14,1.0
0.0,0.0,49,2097,lineweaver_burk,True,,99.99999999999987,4.999999999999999,1.2789769243681803e-13,8.881784197001252e-16,1.2789769243681803e-15,1.7763568394002506e-16,1.0
0.03,3.0,0,12048,nonlinear,True,,100.07637385880123,5.0498437100795925,0.07637385880123304,0.04984371007959254,0.0007637385880123304,0.009968742015918509,0.9974314927144241
0.03,3.0,0,12048,lineweaver_burk,True,,99.45374144056976,4.91879508457999,0.5462585594302425,0.08120491542000963,0.005462585594302425,0.016240983084001924,0.9973438961928697
0.03,3.0,1,12049,nonlinear,True,,98.99539403697305,4.972934602809248,1.0046059630269468,0.02706539719075174,0.010046059630269468,0.005413079438150348,0.9994253706289227
0.03,3.0,1,12049,lineweaver_burk,True,,97.66287686676891,4.820154581050989,2.3371231332310884,0.17984541894901085,0.023371231332310883,0.03596908378980217,0.9991702590709102
0.03,3.0,2,12050,nonlinear,True,,96.81594978376987,4.729161104718333,3.1840502162301334,0.27083889528166694,0.03184050216230133,0.05416777905633339,0.9966846029962053
0.03,3.0,2,12050,lineweaver_burk,True,,95.05953489819646,4.5778754804386095,4.9404651018035395,0.4221245195613905,0.04940465101803539,0.08442490391227811,0.9961117184481564
0.03,3.0,3,12051,nonlinear,True,,98.74411890912754,4.748451381156915,1.2558810908724638,0.2515486188430849,0.012558810908724637,0.050309723768616976,0.9978157446529159
0.03,3.0,3,12051,lineweaver_burk,True,,101.80223093957011,5.105109127620971,1.8022309395701086,0.10510912762097124,0.018022309395701087,0.021021825524194248,0.9964947668805619
0.03,3.0,4,12052,nonlinear,True,,100.72692068849966,5.231108749712005,0.7269206884996606,0.23110874971200523,0.007269206884996607,0.046221749942401046,0.998471963970539
0.03,3.0,4,12052,lineweaver_burk,True,,97.68020177773127,4.848342244032297,2.31979822226873,0.1516577559677028,0.0231979822226873,0.030331551193540564,0.9972521705421034
0.03,3.0,5,12053,nonlinear,True,,100.55991019877378,5.1897397048870415,0.5599101987737782,0.1897397048870415,0.005599101987737783,0.0379479409774083,0.9956549741250638
0.03,3.0,5,12053,lineweaver_burk,True,,98.62215743782806,4.862178346199903,1.377842562171935,0.13782165380009737,0.01377842562171935,0.027564330760019472,0.9951042521468494
0.03,3.0,6,12054,nonlinear,True,,97.15242042415133,4.787395072214698,2.8475795758486697,0.2126049277853017,0.0284757957584867,0.04252098555706034,0.9977600593380335
0.03,3.0,6,12054,lineweaver_burk,True,,98.59741346590944,4.941543568324051,1.4025865340905597,0.05845643167594883,0.014025865340905597,0.011691286335189765,0.9974353928037598
0.03,3.0,7,12055,nonlinear,True,,100.54768175399218,5.0074748342207105,0.5476817539921797,0.007474834220710491,0.005476817539921797,0.0014949668441420982,0.9977648491050678
0.03,3.0,7,12055,lineweaver_burk,True,,97.0205083317145,4.724366377786051,2.9794916682855046,0.2756336222139488,0.029794916682855044,0.055126724442789765,0.9955785885047312
0.03,3.0,8,12056,nonlinear,True,,103.16537421233632,5.313283181421061,3.1653742123363173,0.3132831814210606,0.03165374212336317,0.06265663628421211,0.9985309398146028
0.03,3.0,8,12056,lineweaver_burk,True,,101.04684742076742,5.020897848525101,1.0468474207674205,0.02089784852510057,0.010468474207674206,0.0041795697050201145,0.9979859000485932
0.03,3.0,9,12057,nonlinear,True,,101.04492083920731,5.271743268942857,1.0449208392073075,0.27174326894285716,0.010449208392073075,0.054348653788571434,0.9945849983121938
0.03,3.0,9,12057,lineweaver_burk,True,,98.76755569846542,4.969880943768935,1.232444301534585,0.030119056231065144,0.012324443015345849,0.006023811246213029,0.993924303810973
0.03,3.0,10,12058,nonlinear,True,,104.3866494761988,5.346307872245257,4.386649476198798,0.34630787224525683,0.04386649476198798,0.06926157444905137,0.9992718853410346
0.03,3.0,10,12058,lineweaver_burk,True,,105.2591237002993,5.396429816282235,5.259123700299298,0.39642981628223506,0.05259123700299298,0.07928596325644702,0.9991233135390288
0.03,3.0,11,12059,nonlinear,True,,100.72278963820189,5.203163910788666,0.7227896382018884,0.2031639107886658,0.007227896382018884,0.04063278215773316,0.997276595121281
0.03,3.0,11,12059,lineweaver_burk,True,,101.17517521173032,5.1062725241197535,1.1751752117303198,0.10627252411975352,0.011751752117303197,0.021254504823950703,0.9968731070658892
0.03,3.0,12,12060,nonlinear,True,,98.89911370831108,4.857698217819792,1.1008862916889228,0.1423017821802084,0.011008862916889229,0.028460356436041678,0.9946363799679976
0.03,3.0,12,12060,lineweaver_burk,True,,96.40771783994154,4.70676837328381,3.59228216005846,0.29323162671618963,0.0359228216005846,0.05864632534323792,0.99326199265085
0.03,3.0,13,12061,nonlinear,True,,102.4247666439327,5.463027256215046,2.424766643932699,0.4630272562150459,0.024247666439326993,0.09260545124300919,0.9985883774236081
0.03,3.0,13,12061,lineweaver_burk,True,,101.74303236382629,5.276331368255929,1.7430323638262877,0.27633136825592874,0.017430323638262878,0.05526627365118575,0.9984166369384863
0.03,3.0,14,12062,nonlinear,True,,101.00246602522024,5.021577161682673,1.0024660252202438,0.021577161682673207,0.010024660252202437,0.004315432336534641,0.9980520158890219
0.03,3.0,14,12062,lineweaver_burk,True,,105.65291789468509,5.439924732433459,5.652917894685089,0.4399247324334592,0.05652917894685089,0.08798494648669183,0.9947692196920593
0.03,3.0,15,12063,nonlinear,True,,96.81136714508816,4.683861509650027,3.1886328549118446,0.31613849034997266,0.031886328549118444,0.06322769806999454,0.9936185599900264
0.03,3.0,15,12063,lineweaver_burk,True,,100.4841209100604,5.002520093622335,0.4841209100603976,0.0025200936223352954,0.004841209100603976,0.0005040187244670591,0.9912171935928276
0.03,3.0,16,12064,nonlinear,True,,98.34994789103335,4.813449015116228,1.6500521089666478,0.1865509848837723,0.016500521089666476,0.03731019697675446,0.9987039204945195
0.03,3.0,16,12064,lineweaver_burk,True,,97.0338264897305,4.759816215989204,2.966173510269499,0.24018378401079588,0.02966173510269499,0.04803675680215917,0.9982211699293603
0.03,3.0,17,12065,nonlinear,True,,100.26167419525865,5.1002200970121425,0.26167419525864943,0.10022009701214252,0.002616741952586494,0.020044019402428503,0.9977506602400336
0.03,3.0,17,12065,lineweaver_burk,True,,96.35663067595529,4.6373338324088325,3.6433693240447127,0.36266616759116754,0.036433693240447124,0.07253323351823351,0.9956405246895725
0.03,3.0,18,12066,nonlinear,True,,98.33677686756833,4.879762901280902,1.6632231324316678,0.12023709871909816,0.01663223132431668,0.02404741974381963,0.9996550711831974
0.03,3.0,18,12066,lineweaver_burk,True,,102.64864671139463,5.2723474507376045,2.6486467113946333,0.27234745073760447,0.02648646711394633,0.054469490147520894,0.9966128730328987
0.03,3.0,19,12067,nonlinear,True,,99.0349759287638,4.922123319366711,0.9650240712362006,0.07787668063328912,0.009650240712362005,0.015575336126657824,0.9984299537947583
0.03,3.0,19,12067,lineweaver_burk,True,,100.45951312489281,4.9310534597728175,0.4595131248928084,0.0689465402271825,0.004595131248928084,0.013789308045436498,0.9976221721650744
0.03,3.0,20,12068,nonlinear,True,,98.9539121031609,4.994164909973603,1.0460878968390972,0.0058350900263972605,0.010460878968390971,0.0011670180052794521,0.9989943937740984
0.03,3.0,20,12068,lineweaver_burk,True,,100.13069446511267,5.095860137494971,0.13069446511266847,0.09586013749497102,0.0013069446511266847,0.019172027498994205,0.9987595112044826
0.03,3.0,21,12069,nonlinear,True,,100.19483066395243,5.034448707308744,0.19483066395243043,0.034448707308744275,0.0019483066395243043,0.006889741461748855,0.999217417767622
0.03,3.0,21,12069,lineweaver_burk,True,,96.23768110582455,4.678531702283539,3.7623188941754506,0.3214682977164607,0.03762318894175451,0.06429365954329214,0.9966491733409225
0.03,3.0,22,12070,nonlinear,True,,98.25757911834313,4.805728813612188,1.7424208816568694,0.19427118638781238,0.017424208816568695,0.03885423727756247,0.9970862942526718
0.03,3.0,22,12070,lineweaver_burk,True,,99.74014168614018,4.9843043014066355,0.25985831385982294,0.015695698593364504,0.0025985831385982295,0.0031391397186729007,0.9967755613293668
0.03,3.0,23,12071,nonlinear,True,,95.87392295006971,4.860861055275321,4.126077049930288,0.13913894472467891,0.04126077049930288,0.02782778894493578,0.99383185238863
0.03,3.0,23,12071,lineweaver_burk,True,,96.64451876618587,4.91030819976616,3.3554812338141318,0.08969180023384027,0.03355481233814132,0.017938360046768055,0.9936952024098833
0.03,3.0,24,12072,nonlinear,True,,99.70075522077734,4.748141485459895,0.29924477922266135,0.2518585145401051,0.0029924477922266134,0.050371702908021024,0.9986137808162034
0.03,3.0,24,12072,lineweaver_burk,True,,102.6176106778102,5.136850178202608,2.6176106778102053,0.13685017820260814,0.026176106778102053,0.02737003564052163,0.9974557881560319
0.03,3.0,25,12073,nonlinear,True,,100.92107118151988,4.9462440932362055,0.9210711815198778,0.05375590676379449,0.009210711815198778,0.010751181352758899,0.9979515006885049
0.03,3.0,25,12073,lineweaver_burk,True,,104.41057555863095,5.33290319034975,4.410575558630953,0.33290319034975013,0.044105755586309525,0.06658063806995003,0.9963317491034246
0.03,3.0,26,12074,nonlinear,True,,98.16973867051428,4.834057914555517,1.8302613294857224,0.16594208544448286,0.018302613294857224,0.03318841708889657,0.9966850070897143
0.03,3.0,26,12074,lineweaver_burk,True,,100.2260347328288,4.978370874261032,0.2260347328287935,0.02162912573896758,0.002260347328287935,0.004325825147793516,0.9958290683342877
0.03,3.0,27,12075,nonlinear,True,,101.03559834440784,4.838113863673221,1.0355983444078447,0.16188613632677917,0.010355983444078447,0.032377227265355836,0.9956914649128795
0.03,3.0,27,12075,lineweaver_burk,True,,101.82484038735387,5.037883071115813,1.8248403873538734,0.03788307111581268,0.018248403873538734,0.007576614223162537,0.9954486664877753
0.03,3.0,28,12076,nonlinear,True,,98.62409722973278,4.841790808392038,1.375902770267217,0.15820919160796176,0.01375902770267217,0.031641838321592355,0.9971597404700817
0.03,3.0,28,12076,lineweaver_burk,True,,97.89641172485958,4.8523733571438905,2.1035882751404245,0.1476266428561095,0.021035882751404243,0.0295253285712219,0.9968999560332019
0.03,3.0,29,12077,nonlinear,True,,100.64432866256989,4.888489647000561,0.6443286625698903,0.11151035299943857,0.006443286625698903,0.022302070599887713,0.9971061838499088
0.03,3.0,29,12077,lineweaver_burk,True,,99.37104415795031,4.895671471993372,0.6289558420496917,0.1043285280066284,0.006289558420496917,0.02086570560132568,0.9964140343725988
0.03,3.0,30,12078,nonlinear,True,,101.96972199764666,5.105890242262324,1.9697219976466585,0.10589024226232358,0.019697219976466583,0.021178048452464716,0.9987373829850796
0.03,3.0,30,12078,lineweaver_burk,True,,104.89417037644061,5.320895642377916,4.894170376440613,0.32089564237791635,0.048941703764406125,0.06417912847558327,0.9972432056254684
0.03,3.0,31,12079,nonlinear,True,,100.61350444941988,5.082498788225252,0.613504449419878,0.08249878822525236,0.00613504449419878,0.01649975764505047,0.9991990672582421
0.03,3.0,31,12079,lineweaver_burk,True,,101.80345967350347,5.222537266228927,1.8034596735034683,0.2225372662289269,0.018034596735034682,0.04450745324578538,0.9990131315884819
0.03,3.0,32,12080,nonlinear,True,,96.81676053330037,4.739723280920501,3.183239466699632,0.26027671907949923,0.03183239466699632,0.052055343815899845,0.993784376628632
0.03,3.0,32,12080,lineweaver_burk,True,,102.57102536222762,5.305611224417587,2.5710253622276156,0.3056112244175866,0.025710253622276157,0.06112224488351732,0.9885101767680353
0.03,3.0,33,12081,nonlinear,True,,101.06740305462124,5.187394602241866,1.0674030546212379,0.18739460224186644,0.010674030546212378,0.03747892044837329,0.9992426541275949
0.03,3.0,33,12081,lineweaver_burk,True,,97.44545708626997,4.917712903663412,2.5545429137300317,0.0822870963365876,0.02554542913730032,0.01645741926731752,0.9968557691130276
0.03,3.0,34,12082,nonlinear,True,,99.47430804234935,4.812163163046928,0.5256919576506505,0.18783683695307207,0.0052569195765065045,0.03756736739061441,0.996525458333872
0.03,3.0,34,12082,lineweaver_burk,True,,102.71219985009101,5.161101880665892,2.712199850091011,0.1611018806658917,0.02712199850091011,0.03222037613317834,0.9950296893205354
0.03,3.0,35,12083,nonlinear,True,,100.72303533629801,4.902760175505685,0.7230353362980111,0.09723982449431468,0.0072303533629801105,0.019447964898862934,0.9967336124441137
0.03,3.0,35,12083,lineweaver_burk,True,,101.39257468464528,5.008109169192257,1.3925746846452824,0.008109169192256793,0.013925746846452824,0.0016218338384513587,0.996668910991862
0.03,3.0,36,12084,nonlinear,True,,101.08297698494766,5.090192554654998,1.0829769849476634,0.09019255465499842,0.010829769849476634,0.018038510930999684,0.9974254269533657
0.03,3.0,36,12084,lineweaver_burk,True,,99.4066415653393,5.00330846513463,0.5933584346607006,0.003308465134630012,0.005933584346607006,0.0006616930269260024,0.9967851891359599
0.03,3.0,37,12085,nonlinear,True,,101.9511111644287,5.356031706752767,1.9511111644286956,0.3560317067527672,0.019511111644286955,0.07120634135055344,0.9972211095922727
0.03,3.0,37,12085,lineweaver_burk,True,,97.48459214377775,4.840336163735564,2.5154078562222537,0.1596638362644356,0.025154078562222536,0.031932767252887115,0.9946125962247155
0.03,3.0,38,12086,nonlinear,True,,100.9885040048584,4.845769797223095,0.9885040048583988,0.1542302027769047,0.009885040048583989,0.030846040555380937,0.9972991075572403
0.03,3.0,38,12086,lineweaver_burk,True,,102.42921845092579,5.079711298721676,2.429218450925788,0.07971129872167637,0.02429218450925788,0.015942259744335274,0.9969854169622884
0.03,3.0,39,12087,nonlinear,True,,103.45012519662737,5.2667586142094915,3.4501251966273685,0.26675861420949154,0.03450125196627368,0.053351722841898305,0.9989378012982932
0.03,3.0,39,12087,lineweaver_burk,True,,102.60615820507418,5.217911820949483,2.6061582050741805,0.21791182094948258,0.026061582050741806,0.043582364189896514,0.9987953585750574
0.03,3.0,40,12088,nonlinear,True,,101.0851463382352,5.211901467112961,1.0851463382352051,0.21190146711296087,0.010851463382352051,0.042380293422592176,0.9949292318795496
0.03,3.0,40,12088,lineweaver_burk,True,,96.63473883929926,4.748186108729128,3.36526116070074,0.2518138912708716,0.0336526116070074,0.050362778254174324,0.992093056649488
0.03,3.0,41,12089,nonlinear,True,,97.9016308637775,4.813305517084253,2.0983691362225017,0.18669448291574664,0.020983691362225016,0.03733889658314933,0.9988577955869262
0.03,3.0,41,12089,lineweaver_burk,True,,99.39786239390568,5.04010849847661,0.6021376060943169,0.040108498476610244,0.006021376060943169,0.008021699695322048,0.9985274257027674
0.03,3.0,42,12090,nonlinear,True,,95.65231790259413,4.5244763632195735,4.347682097405865,0.47552363678042653,0.04347682097405865,0.0951047273560853,0.9978144469166453
0.03,3.0,42,12090,lineweaver_burk,True,,104.11077985465215,5.363736524446819,4.110779854652151,0.3637365244468187,0.04110779854652151,0.07274730488936373,0.9860764064007677
0.03,3.0,43,12091,nonlinear,True,,98.73389638264356,4.9202485146265555,1.2661036173564355,0.07975148537344445,0.012661036173564354,0.01595029707468889,0.9982423762681129
0.03,3.0,43,12091,lineweaver_burk,True,,105.51332218728382,5.475415413372318,5.513322187283819,0.47541541337231763,0.055133221872838194,0.09508308267446353,0.9902837404441583
0.03,3.0,44,12092,nonlinear,True,,98.68680280975204,4.748567257619251,1.313197190247962,0.2514327423807492,0.01313197190247962,0.05028654847614984,0.9967926286300894
0.03,3.0,44,12092,lineweaver_burk,True,,98.1303590047718,4.758489537527134,1.8696409952281954,0.24151046247286612,0.018696409952281955,0.04830209249457322,0.9966338622331767
0.03,3.0,45,12093,nonlinear,True,,105.29760416258524,5.388037506815831,5.297604162585245,0.3880375068158308,0.05297604162585245,0.07760750136316616,0.995515504644418
0.03,3.0,45,12093,lineweaver_burk,True,,104.45436308419679,5.287355665406344,4.454363084196785,0.28735566540634405,0.04454363084196786,0.05747113308126881,0.9954337101558945
0.03,3.0,46,12094,nonlinear,True,,100.90184133211542,5.106578068222435,0.9018413321154242,0.10657806822243465,0.009018413321154242,0.02131561364448693,0.9987126310544487
0.03,3.0,46,12094,lineweaver_burk,True,,101.88713453490467,5.1331487544443295,1.8871345349046749,0.1331487544443295,0.018871345349046748,0.026629750888865898,0.9984213692059346
0.03,3.0,47,12095,nonlinear,True,,101.26985780709997,5.29590175932023,1.2698578070999673,0.29590175932023044,0.012698578070999673,0.05918035186404609,0.9983307171150246
0.03,3.0,47,12095,lineweaver_burk,True,,96.09793647063456,4.746786941360131,3.902063529365435,0.25321305863986865,0.03902063529365435,0.05064261172797373,0.9945380122683727
0.03,3.0,48,12096,nonlinear,True,,101.1634773146468,5.203005680886921,1.1634773146467978,0.20300568088692117,0.011634773146467978,0.040601136177384235,0.9961496149971155
0.03,3.0,48,12096,lineweaver_burk,True,,98.23483866405648,4.775238095689868,1.7651613359435174,0.22476190431013165,0.017651613359435173,0.04495238086202633,0.9950056175960391
0.03,3.0,49,12097,nonlinear,True,,99.22851929777651,4.969166849902724,0.7714807022234851,0.030833150097276274,0.007714807022234851,0.0061666300194552544,0.9962136773170307
0.03,3.0,49,12097,lineweaver_burk,True,,99.35830078013609,5.00151466828908,0.6416992198639093,0.001514668289080312,0.006416992198639093,0.0003029336578160624,0.9962077484351105
0.1,10.0,0,22048,nonlinear,True,,102.40508493776753,5.359386615579532,2.4050849377675263,0.359386615579532,0.024050849377675262,0.0718773231159064,0.9491831184745356
0.1,10.0,0,22048,lineweaver_burk,True,,100.46059998951493,5.108399122355498,0.4605999895149324,0.10839912235549765,0.004605999895149324,0.021679824471099528,0.9487502227699462
0.1,10.0,1,22049,nonlinear,True,,106.84886548065072,5.370016879482146,6.848865480650716,0.37001687948214634,0.06848865480650716,0.07400337589642927,0.9913311499737446
0.1,10.0,1,22049,lineweaver_burk,True,,111.48875189464252,6.118352904623793,11.488751894642519,1.1183529046237934,0.11488751894642518,0.2236705809247587,0.988954873232117
0.1,10.0,2,22050,nonlinear,True,,106.81815170141043,6.063779903306887,6.818151701410429,1.0637799033068873,0.06818151701410428,0.21275598066137746,0.9853187918314126
0.1,10.0,2,22050,lineweaver_burk,True,,89.6119842451992,4.389990194776861,10.388015754800804,0.6100098052231386,0.10388015754800804,0.12200196104462772,0.9454648635239374
0.1,10.0,3,22051,nonlinear,True,,94.74758645710399,3.9996997172127124,5.252413542896008,1.0003002827872876,0.05252413542896008,0.2000600565574575,0.9629961389765591
0.1,10.0,3,22051,lineweaver_burk,True,,96.12972077494123,4.33017764776917,3.8702792250587663,0.6698223522308302,0.03870279225058766,0.13396447044616605,0.9620491392326893
0.1,10.0,4,22052,nonlinear,True,,101.98759642119481,5.053213207087532,1.9875964211948087,0.05321320708753241,0.019875964211948087,0.010642641417506482,0.9604874441395594
0.1,10.0,4,22052,lineweaver_burk,True,,120.04408923414799,7.071666024762963,20.04408923414799,2.071666024762963,0.20044089234147988,0.41433320495259257,0.9245058362421683
0.1,10.0,5,22053,nonlinear,True,,108.75473287037603,5.849296655127465,8.754732870376031,0.849296655127465,0.08754732870376031,0.169859331025493,0.987077546531847
0.1,10.0,5,22053,lineweaver_burk,True,,104.27760365131412,5.2331546673357465,4.277603651314124,0.23315466733574652,0.042776036513141234,0.046630933467149305,0.9850964142243369
0.1,10.0,6,22054,nonlinear,True,,90.45240018565366,3.4452164519620614,9.547599814346341,1.5547835480379386,0.09547599814346341,0.3109567096075877,0.9684329185772392
0.1,10.0,6,22054,lineweaver_burk,True,,92.95728498184361,4.210567648243443,7.042715018156386,0.7894323517565569,0.07042715018156386,0.15788647035131137,0.9604413750365095
0.1,10.0,7,22055,nonlinear,True,,91.25679514248093,4.035721437760314,8.743204857519075,0.9642785622396861,0.08743204857519075,0.19285571244793723,0.9651013124816857
0.1,10.0,7,22055,lineweaver_burk,True,,90.97088040488997,4.448081431427428,9.029119595110032,0.5519185685725718,0.09029119595110031,0.11038371371451436,0.9608614141899063
0.1,10.0,8,22056,nonlinear,True,,112.64030138825642,7.401171715303881,12.640301388256418,2.4011717153038807,0.12640301388256417,0.48023434306077617,0.976846769445265
0.1,10.0,8,22056,lineweaver_burk,True,,90.50913879993234,4.491953013298094,9.490861200067656,0.5080469867019062,0.09490861200067656,0.10160939734038124,0.9309858238630382
0.1,10.0,9,22057,nonlinear,True,,97.1289322253339,3.959529392605063,2.871067774666102,1.040470607394937,0.028710677746661018,0.2080941214789874,0.9513749795637474
0.1,10.0,9,22057,lineweaver_burk,True,,108.30238924233781,5.289348481234053,8.30238924233781,0.289348481234053,0.0830238924233781,0.0578696962468106,0.9326917708641973
0.1,10.0,10,22058,nonlinear,True,,92.8766158825219,4.402048396792826,7.123384117478096,0.5979516032071741,0.07123384117478096,0.11959032064143482,0.9598822282550371
0.1,10.0,10,22058,lineweaver_burk,True,,89.86399956840734,4.530148436210821,10.136000431592663,0.46985156378917914,0.10136000431592664,0.09397031275783582,0.9535325466773316
0.1,10.0,11,22059,nonlinear,True,,108.67545239346914,6.675778231026071,8.675452393469143,1.6757782310260714,0.08675452393469144,0.33515564620521426,0.9835065191624134
0.1,10.0,11,22059,lineweaver_burk,True,,93.30329641211246,4.883516820899001,6.696703587887541,0.11648317910099859,0.06696703587887541,0.023296635820199717,0.9576440471967289
0.1,10.0,12,22060,nonlinear,True,,104.38941766046466,5.439317237325629,4.389417660464659,0.43931723732562933,0.04389417660464659,0.08786344746512587,0.988361803006172
0.1,10.0,12,22060,lineweaver_burk,True,,102.41913249487921,4.7925313164931085,2.4191324948792072,0.20746868350689152,0.024191324948792073,0.041493736701378306,0.9856185844410109
0.1,10.0,13,22061,nonlinear,True,,109.93488496759142,5.4757423133237015,9.934884967591415,0.47574231332370154,0.09934884967591415,0.09514846266474031,0.9777906378123685
0.1,10.0,13,22061,lineweaver_burk,True,,109.2158709494127,5.309176621162305,9.215870949412704,0.3091766211623046,0.09215870949412704,0.06183532423246092,0.9776661016962809
0.1,10.0,14,22062,nonlinear,True,,97.56602430768334,5.060231888631116,2.4339756923166647,0.06023188863111617,0.024339756923166648,0.012046377726223235,0.9880603033841383
0.1,10.0,14,22062,lineweaver_burk,True,,98.15165076892143,4.956601742938761,1.848349231078572,0.04339825706123879,0.01848349231078572,0.008679651412247757,0.987475617932409
0.1,10.0,15,22063,nonlinear,True,,111.36579680227527,6.391155030502759,11.36579680227527,1.391155030502759,0.1136579680227527,0.2782310061005518,0.9623140698664933
0.1,10.0,15,22063,lineweaver_burk,True,,96.93063396013605,4.892522899666016,3.069366039863951,0.10747710033398405,0.030693660398639508,0.021495420066796812,0.9398196463853634
0.1,10.0,16,22064,nonlinear,True,,103.41055985861311,6.0070558435332355,3.4105598586131123,1.0070558435332355,0.034105598586131124,0.2014111687066471,0.9638324222203561
0.1,10.0,16,22064,lineweaver_burk,True,,104.29754529599751,5.842726673758258,4.297545295997509,0.8427266737582579,0.04297545295997509,0.1685453347516516,0.9627700759228589
0.1,10.0,17,22065,nonlinear,True,,100.25240336753167,5.71694390840859,0.25240336753167014,0.7169439084085898,0.0025240336753167016,0.14338878168171795,0.9661459486986824
0.1,10.0,17,22065,lineweaver_burk,True,,91.76307400833738,4.977288777448122,8.236925991662616,0.022711222551878407,0.08236925991662616,0.004542244510375682,0.9543728837974911
0.1,10.0,18,22066,nonlinear,True,,95.51567330809661,4.544608444819859,4.484326691903391,0.45539155518014063,0.04484326691903391,0.09107831103602812,0.9727067463897556
0.1,10.0,18,22066,lineweaver_burk,True,,87.07934112292853,4.388484132257971,12.920658877071475,0.6115158677420292,0.12920658877071475,0.12230317354840584,0.9468535627018093
0.1,10.0,19,22067,nonlinear,True,,99.37181788263233,4.675114249258846,0.6281821173676718,0.3248857507411538,0.006281821173676718,0.06497715014823076,0.9280806432456445
0.1,10.0,19,22067,lineweaver_burk,True,,86.76508858245425,3.97910833092201,13.234911417545746,1.0208916690779901,0.13234911417545747,0.20417833381559802,0.8926974150259397
0.1,10.0,20,22068,nonlinear,True,,103.53701632965914,4.927317113589222,3.5370163296591386,0.07268288641077802,0.035370163296591386,0.014536577282155605,0.9760789393443405
0.1,10.0,20,22068,lineweaver_burk,True,,129.90684034342914,7.732195681572443,29.90684034342914,2.732195681572443,0.29906840343429136,0.5464391363144886,0.90224109987776
0.1,10.0,21,22069,nonlinear,True,,92.76206563242768,3.8778035348309094,7.237934367572322,1.1221964651690906,0.07237934367572323,0.2244392930338181,0.9857359684635488
0.1,10.0,21,22069,lineweaver_burk,True,,107.22493684630173,5.2969795946021945,7.2249368463017305,0.2969795946021945,0.0722493684630173,0.0593959189204389,0.9481525299904563
0.1,10.0,22,22070,nonlinear,True,,107.67886645398713,5.957121214131562,7.678866453987126,0.9571212141315621,0.07678866453987127,0.19142424282631243,0.9535474669372898
0.1,10.0,22,22070,lineweaver_burk,True,,132.3417482282055,7.191799032871768,32.34174822820549,2.191799032871768,0.3234174822820549,0.4383598065743536,0.8419564906276849
0.1,10.0,23,22071,nonlinear,True,,85.65106891037375,3.810455537142885,14.348931089626248,1.189544462857115,0.1434893108962625,0.237908892571423,0.9829770504421488
0.1,10.0,23,22071,lineweaver_burk,True,,86.03595450489517,4.01631893104762,13.964045495104827,0.9836810689523796,0.13964045495104827,0.19673621379047593,0.9822871609991202
0.1,10.0,24,22072,nonlinear,True,,96.97973754461303,4.739509795439883,3.0202624553869697,0.2604902045601172,0.030202624553869697,0.052098040912023434,0.9659227912923365
0.1,10.0,24,22072,lineweaver_burk,True,,96.21541908863513,4.854375631169655,3.78458091136487,0.14562436883034469,0.037845809113648696,0.029124873766068936,0.9650792099087133
0.1,10.0,25,22073,nonlinear,True,,101.06181518404541,5.181936661471084,1.0618151840454146,0.18193666147108356,0.010618151840454147,0.036387332294216715,0.9888179819421773
0.1,10.0,25,22073,lineweaver_burk,True,,97.23661539217467,4.804625919235175,2.76338460782533,0.1953740807648252,0.0276338460782533,0.03907481615296504,0.9866678147134907
0.1,10.0,26,22074,nonlinear,True,,110.62995022920418,6.214785936097046,10.629950229204184,1.214785936097046,0.10629950229204184,0.24295718721940923,0.955664271430328
0.1,10.0,26,22074,lineweaver_burk,True,,104.31285688340931,5.356632106109657,4.31285688340931,0.35663210610965734,0.0431285688340931,0.07132642122193147,0.9520919655228713
0.1,10.0,27,22075,nonlinear,True,,105.04653523792875,5.632771009981715,5.046535237928751,0.632771009981715,0.05046535237928751,0.12655420199634299,0.9805980363866719
0.1,10.0,27,22075,lineweaver_burk,True,,96.0267485508151,5.105017149629965,3.9732514491849003,0.10501714962996456,0.039732514491849,0.02100342992599291,0.9651747615539651
0.1,10.0,28,22076,nonlinear,True,,100.11926300913132,5.005881807547565,0.11926300913131627,0.0058818075475652876,0.0011926300913131626,0.0011763615095130575,0.9800636340016151
0.1,10.0,28,22076,lineweaver_burk,True,,102.27901638309969,5.415755283938939,2.2790163830996875,0.4157552839389389,0.022790163830996874,0.08315105678778778,0.9792399626284863
0.1,10.0,29,22077,nonlinear,True,,95.04589687679572,4.08363533707593,4.954103123204277,0.91636466292407,0.049541031232042766,0.183272932584814,0.9384253047402716
0.1,10.0,29,22077,lineweaver_burk,True,,97.83306459402887,4.653473131711243,2.166935405971131,0.34652686828875723,0.02166935405971131,0.06930537365775144,0.9360546912031931
0.1,10.0,30,22078,nonlinear,True,,89.97342006821712,3.9105238131291435,10.026579931782877,1.0894761868708565,0.10026579931782877,0.2178952373741713,0.9705039167254883
0.1,10.0,30,22078,lineweaver_burk,True,,90.65575499445868,4.053558750397484,9.344245005541325,0.9464412496025156,0.09344245005541324,0.18928824992050314,0.9703163431125934
0.1,10.0,31,22079,nonlinear,True,,90.02603112298969,4.167728908584491,9.973968877010307,0.8322710914155094,0.09973968877010307,0.16645421828310186,0.9255867044052434
0.1,10.0,31,22079,lineweaver_burk,True,,81.34808879411861,3.6755390807214803,18.65191120588139,1.3244609192785197,0.1865191120588139,0.26489218385570396,0.9039227437145329
0.1,10.0,32,22080,nonlinear,True,,101.45716862626419,4.678670132873888,1.4571686262641919,0.3213298671261118,0.014571686262641919,0.06426597342522236,0.9861796877227962
0.1,10.0,32,22080,lineweaver_burk,True,,125.07037055202217,6.645454599435947,25.07037055202217,1.645454599435947,0.2507037055202217,0.3290909198871894,0.905431846675644
0.1,10.0,33,22081,nonlinear,True,,107.7242766238746,5.807128924602906,7.7242766238746015,0.8071289246029059,0.07724276623874601,0.16142578492058118,0.9740392675814723
0.1,10.0,33,22081,lineweaver_burk,True,,101.01720102558711,5.255713602125703,1.017201025587113,0.25571360212570315,0.010172010255871129,0.051142720425140634,0.9678227967349876
0.1,10.0,34,22082,nonlinear,True,,116.87574948555186,6.698871550697007,16.875749485551864,1.6988715506970067,0.16875749485551864,0.33977431013940135,0.9832913178872336
0.1,10.0,34,22082,lineweaver_burk,True,,90.7150900653517,4.132742095806532,9.284909934648297,0.867257904193468,0.09284909934648297,0.1734515808386936,0.9088080515201298
0.1,10.0,35,22083,nonlinear,True,,101.58381765741387,4.996310164258006,1.5838176574138743,0.0036898357419943295,0.015838176574138742,0.0007379671483988659,0.9430919521745408
0.1,10.0,35,22083,lineweaver_burk,True,,93.59722898379702,4.222438623969986,6.402771016202976,0.7775613760300137,0.06402771016202977,0.15551227520600275,0.9336304765412392
0.1,10.0,36,22084,nonlinear,True,,104.5889386426577,5.267703519059789,4.588938642657695,0.26770351905978895,0.045889386426576945,0.05354070381195779,0.975203064228239
0.1,10.0,36,22084,lineweaver_burk,True,,103.88490652376554,5.155446153917432,3.8849065237655367,0.1554461539174321,0.03884906523765537,0.03108923078348642,0.9751412285077888
0.1,10.0,37,22085,nonlinear,True,,96.40568849012357,4.461075624722518,3.5943115098764338,0.5389243752774817,0.035943115098764335,0.10778487505549635,0.9453839490602391
0.1,10.0,37,22085,lineweaver_burk,True,,99.24756897010572,4.930936483555333,0.7524310298942822,0.06906351644466735,0.007524310298942822,0.01381270328893347,0.9439882985401609
0.1,10.0,38,22086,nonlinear,True,,112.57121823271812,6.642829715305922,12.571218232718124,1.642829715305922,0.12571218232718123,0.32856594306118436,0.9680319257100762
0.1,10.0,38,22086,lineweaver_burk,True,,95.94290684394008,4.9541245260061055,4.057093156059921,0.04587547399389447,0.040570931560599204,0.009175094798778894,0.9384004560642044
0.1,10.0,39,22087,nonlinear,True,,101.2568085124742,4.680606436096108,1.2568085124741941,0.3193935639038923,0.01256808512474194,0.06387871278077846,0.9818775569478104
0.1,10.0,39,22087,lineweaver_burk,True,,144.56558632805167,9.126783979088362,44.565586328051666,4.126783979088362,0.44565586328051665,0.8253567958176724,0.7839137754779231
0.1,10.0,40,22088,nonlinear,True,,93.28245787734188,4.028859800583683,6.7175421226581165,0.9711401994163174,0.06717542122658117,0.19422803988326348,0.9522162085671713
0.1,10.0,40,22088,lineweaver_burk,True,,92.4759688993711,4.5845104829961985,7.524031100628903,0.41548951700380155,0.07524031100628903,0.08309790340076031,0.9435865536537157
0.1,10.0,41,22089,nonlinear,True,,89.90455755603402,4.366138855658967,10.095442443965979,0.6338611443410329,0.1009544244396598,0.12677222886820658,0.9904243072561781
0.1,10.0,41,22089,lineweaver_burk,True,,91.24086606334568,4.606213136197084,8.759133936654322,0.39378686380291583,0.08759133936654323,0.07875737276058317,0.9900204458311088
0.1,10.0,42,22090,nonlinear,True,,112.15215690873305,6.305252363343518,12.152156908733048,1.3052523633435182,0.12152156908733047,0.2610504726687036,0.9857068693204972
0.1,10.0,42,22090,lineweaver_burk,True,,103.99332212680702,5.070414092769262,3.9933221268070156,0.07041409276926203,0.039933221268070154,0.014082818553852405,0.9796115553932943
0.1,10.0,43,22091,nonlinear,True,,98.53539974362474,4.889496936081071,1.4646002563752631,0.11050306391892928,0.014646002563752631,0.022100612783785854,0.9753604754144596
0.1,10.0,43,22091,lineweaver_burk,True,,110.34256441271783,6.113075575737657,10.342564412717834,1.113075575737657,0.10342564412717835,0.22261511514753138,0.9564535157041488
0.1,10.0,44,22092,nonlinear,True,,101.53259648315424,5.4442670575542165,1.5325964831542365,0.44426705755421647,0.015325964831542365,0.08885341151084329,0.9716014073941314
0.1,10.0,44,22092,lineweaver_burk,True,,101.34346584708513,5.260198064019128,1.3434658470851275,0.2601980640191277,0.013434658470851275,0.05203961280382554,0.9712542893038031
0.1,10.0,45,22093,nonlinear,True,,102.40225855572889,5.208349807424026,2.402258555728892,0.20834980742402642,0.02402258555728892,0.041669961484805285,0.9789050215924161
0.1,10.0,45,22093,lineweaver_burk,True,,130.78514807742215,7.705413499175412,30.78514807742215,2.705413499175412,0.3078514807742215,0.5410826998350824,0.8763675601291645
0.1,10.0,46,22094,nonlinear,True,,102.05420361317164,4.820282578108379,2.0542036131716372,0.17971742189162132,0.020542036131716374,0.035943484378324266,0.994976877793968
0.1,10.0,46,22094,lineweaver_burk,True,,112.79051107829896,5.865525001867987,12.790511078298962,0.8655250018679874,0.12790511078298963,0.1731050003735975,0.9794496786663454
0.1,10.0,47,22095,nonlinear,True,,97.29550713614921,4.485443855056275,2.7044928638507884,0.5145561449437253,0.027044928638507885,0.10291122898874505,0.9292430692989894
0.1,10.0,47,22095,lineweaver_burk,True,,126.76813258773,7.170539851799975,26.768132587729994,2.170539851799975,0.2676813258772999,0.43410797035999504,0.8102050129338263
0.1,10.0,48,22096,nonlinear,True,,99.27749784064756,4.4601552459353915,0.7225021593524446,0.5398447540646085,0.007225021593524446,0.10796895081292171,0.9921166450833168
0.1,10.0,48,22096,lineweaver_burk,True,,116.1723706722218,6.04215043910445,16.172370672221803,1.04215043910445,0.16172370672221803,0.20843008782089,0.9503277810202189
0.1,10.0,49,22097,nonlinear,True,,106.08477648949098,5.751926225279639,6.084776489490977,0.7519262252796386,0.06084776489490977,0.1503852450559277,0.9914010469885487
0.1,10.0,49,22097,lineweaver_burk,True,,104.02141829922508,5.40549777678059,4.0214182992250755,0.4054977767805896,0.040214182992250755,0.08109955535611793,0.9908986841763331
0.2,20.0,0,32048,nonlinear,True,,82.53876738175205,2.693782294623093,17.461232618247948,2.306217705376907,0.1746123261824795,0.46124354107538135,0.7730770934035996
0.2,20.0,0,32048,lineweaver_burk,True,,133.25871666949402,8.082859747128825,33.25871666949402,3.0828597471288255,0.3325871666949402,0.6165719494257651,0.3434683712592774
0.2,20.0,1,32049,nonlinear,True,,92.14941017550882,3.213431654493472,7.8505898244911805,1.7865683455065282,0.0785058982449118,0.35731366910130563,0.8621524564483253
0.2,20.0,1,32049,lineweaver_burk,True,,93.73973315360973,3.7999011471291726,6.260266846390266,1.2000988528708274,0.06260266846390267,0.2400197705741655,0.8563307862008147
0.2,20.0,2,32050,nonlinear,True,,95.12867799508804,4.582079327041996,4.87132200491196,0.4179206729580036,0.0487132200491196,0.08358413459160072,0.9337134239062799
0.2,20.0,2,32050,lineweaver_burk,True,,91.65017967616322,4.883894644540824,8.34982032383678,0.116105355459176,0.0834982032383678,0.0232210710918352,0.9225615140981469
0.2,20.0,3,32051,nonlinear,True,,113.18241039608628,6.086936655793727,13.182410396086283,1.0869366557937266,0.13182410396086283,0.2173873311587453,0.8368489895097556
0.2,20.0,3,32051,lineweaver_burk,True,,134.03838518086386,7.353225691321086,34.038385180863855,2.353225691321086,0.34038385180863856,0.47064513826421717,0.7830515269169077
0.2,20.0,4,32052,nonlinear,True,,145.9733912248102,11.83561431101284,45.9733912248102,6.83561431101284,0.459733912248102,1.367122862202568,0.8712879343377714
0.2,20.0,4,32052,lineweaver_burk,True,,79.23369891731117,3.423295710106362,20.766301082688827,1.5767042898936379,0.20766301082688826,0.3153408579787276,0.642624692849467
0.2,20.0,5,32053,nonlinear,True,,115.73571892845438,6.970824494362754,15.735718928454375,1.9708244943627538,0.15735718928454376,0.39416489887255074,0.9328643900631977
0.2,20.0,5,32053,lineweaver_burk,True,,98.4899141871961,4.652184059271138,1.5100858128038936,0.3478159407288617,0.015100858128038937,0.06956318814577234,0.9088890776471907
0.2,20.0,6,32054,nonlinear,True,,88.00427006790352,5.592772371484696,11.99572993209648,0.5927723714846964,0.11995729932096481,0.11855447429693929,0.8408884589507722
0.2,20.0,6,32054,lineweaver_burk,True,,68.34314865809934,3.120596878251508,31.656851341900662,1.8794031217484921,0.3165685134190066,0.37588062434969843,0.7719026051767682
0.2,20.0,7,32055,nonlinear,True,,120.14751031560438,7.735497380326501,20.14751031560438,2.7354973803265006,0.20147510315604378,0.5470994760653001,0.8231051019487318
0.2,20.0,7,32055,lineweaver_burk,True,,92.0925060887456,4.112644488002245,7.907493911254406,0.8873555119977548,0.07907493911254405,0.17747110239955094,0.7695312458547152
0.2,20.0,8,32056,nonlinear,True,,80.60647707676225,2.962850077386274,19.393522923237754,2.037149922613726,0.19393522923237755,0.40742998452274526,0.7104893009437373
0.2,20.0,8,32056,lineweaver_burk,True,,95.05324804228135,4.661845485293641,4.9467519577186465,0.3381545147063587,0.04946751957718647,0.06763090294127175,0.6723994759327625
0.2,20.0,9,32057,nonlinear,True,,82.1395599959546,2.6520104312412203,17.8604400040454,2.3479895687587797,0.178604400040454,0.46959791375175597,0.7564809069029936
0.2,20.0,9,32057,lineweaver_burk,True,,108.33908099893154,6.029093407116839,8.339080998931536,1.0290934071168394,0.08339080998931536,0.20581868142336787,0.6168640151287337
0.2,20.0,10,32058,nonlinear,True,,120.8604190222813,6.484610230502589,20.860419022281306,1.4846102305025886,0.20860419022281307,0.2969220461005177,0.9235817546560869
0.2,20.0,10,32058,lineweaver_burk,True,,93.96474315098315,4.528548339637644,6.035256849016847,0.471451660362356,0.060352568490168464,0.0942903320724712,0.8414413490933723
0.2,20.0,11,32059,nonlinear,True,,89.14492602493873,3.3649433629465175,10.855073975061273,1.6350566370534825,0.10855073975061273,0.3270113274106965,0.9112495358065085
0.2,20.0,11,32059,lineweaver_burk,True,,101.09879167030482,4.727375982181537,1.09879167030482,0.2726240178184627,0.0109879167030482,0.054524803563692534,0.8850444442064272
0.2,20.0,12,32060,nonlinear,True,,122.48177148480009,6.241262414611878,22.481771484800092,1.241262414611878,0.22481771484800092,0.24825248292237562,0.8967989720738259
0.2,20.0,12,32060,lineweaver_burk,True,,103.48958412084622,5.158614951746016,3.4895841208462173,0.15861495174601625,0.034895841208462175,0.03172299034920325,0.8528876084777309
0.2,20.0,13,32061,nonlinear,True,,91.04356782826426,3.63317217963896,8.956432171735742,1.3668278203610398,0.08956432171735741,0.27336556407220797,0.8028390203492777
0.2,20.0,13,32061,lineweaver_burk,True,,84.25462588814969,3.869708992486584,15.74537411185031,1.1302910075134158,0.1574537411185031,0.22605820150268316,0.7745948093729682
0.2,20.0,14,32062,nonlinear,True,,110.84956394235572,6.611922031473127,10.849563942355715,1.611922031473127,0.10849563942355715,0.3223844062946254,0.9597228561454596
0.2,20.0,14,32062,lineweaver_burk,True,,92.83275793787446,5.232965235363076,7.167242062125538,0.23296523536307578,0.07167242062125538,0.046593047072615155,0.9143813643579948
0.2,20.0,15,32063,nonlinear,True,,108.00198665366956,6.121558461472441,8.001986653669562,1.121558461472441,0.08001986653669561,0.2243116922944882,0.8945023580702394
0.2,20.0,15,32063,lineweaver_burk,True,,85.05861004774772,4.124473391526152,14.94138995225228,0.875526608473848,0.1494138995225228,0.1751053216947696,0.8240979884260313
0.2,20.0,16,32064,nonlinear,True,,114.2108555894012,7.167518179483092,14.210855589401206,2.167518179483092,0.14210855589401206,0.43350363589661833,0.9185178781647706
0.2,20.0,16,32064,lineweaver_burk,True,,80.54696800786061,3.714531304991531,19.453031992139387,1.2854686950084688,0.19453031992139386,0.25709373900169374,0.7945936323707343
0.2,20.0,17,32065,nonlinear,True,,112.99415452078539,5.3041428989743435,12.994154520785386,0.30414289897434355,0.12994154520785386,0.060828579794868706,0.8799298225545498
0.2,20.0,17,32065,lineweaver_burk,True,,150.2928020579051,8.333428322977138,50.29280205790511,3.333428322977138,0.5029280205790511,0.6666856645954276,0.7547667808302817
0.2,20.0,18,32066,nonlinear,True,,95.38282357704124,4.233444027200345,4.617176422958764,0.7665559727996554,0.04617176422958764,0.15331119455993109,0.9488041540049965
0.2,20.0,18,32066,lineweaver_burk,True,,174.0182290809521,11.377406223534416,74.0182290809521,6.377406223534416,0.7401822908095209,1.2754812447068833,0.22062205936788493
0.2,20.0,19,32067,nonlinear,True,,101.67594052870665,5.891990167949928,1.6759405287066471,0.8919901679499276,0.016759405287066473,0.17839803358998552,0.8596503612150469
0.2,20.0,19,32067,lineweaver_burk,True,,82.1985111131031,4.099481357832074,17.801488886896905,0.9005186421679259,0.17801488886896905,0.1801037284335852,0.8045513984324828
0.2,20.0,20,32068,nonlinear,True,,91.44250703335656,4.276021836117401,8.557492966643437,0.7239781638825988,0.08557492966643437,0.14479563277651977,0.8740940048605771
0.2,20.0,20,32068,lineweaver_burk,True,,93.71007858575983,5.3508552406088565,6.289921414240169,0.35085524060885653,0.06289921414240168,0.0701710481217713,0.8642372208419962
0.2,20.0,21,32069,nonlinear,True,,123.34571551226524,6.09927599767306,23.345715512265244,1.0992759976730602,0.23345715512265244,0.21985519953461202,0.8944507792440674
0.2,20.0,21,32069,lineweaver_burk,True,,99.55291292159436,5.33500882929592,0.44708707840564443,0.33500882929592013,0.004470870784056444,0.06700176585918402,0.80814310068461
0.2,20.0,22,32070,nonlinear,True,,95.87260293446309,4.2886815219936105,4.127397065536911,0.7113184780063895,0.04127397065536911,0.14226369560127788,0.9208091026720693
0.2,20.0,22,32070,lineweaver_burk,True,,158.75043718494666,9.72085609406568,58.75043718494666,4.720856094065679,0.5875043718494666,0.9441712188131358,0.4144619547115097
0.2,20.0,23,32071,nonlinear,True,,93.3119887565792,5.816864249170308,6.688011243420803,0.8168642491703082,0.06688011243420804,0.16337284983406164,0.8060029145145289
0.2,20.0,23,32071,lineweaver_burk,True,,51.09129075310381,3.002101491278939,48.90870924689619,1.997898508721061,0.48908709246896187,0.3995797017442122,0.400715730099529
0.2,20.0,24,32072,nonlinear,True,,121.4116683251347,6.446599616749067,21.4116683251347,1.446599616749067,0.21411668325134697,0.2893199233498134,0.8614558144916579
0.2,20.0,24,32072,lineweaver_burk,True,,111.48834097539088,5.76612484778496,11.488340975390884,0.76612484778496,0.11488340975390883,0.153224969556992,0.8515043355895011
0.2,20.0,25,32073,nonlinear,True,,102.6829266036978,5.791240004502653,2.682926603697794,0.7912400045026526,0.026829266036977942,0.15824800090053054,0.8701589478273218
0.2,20.0,25,32073,lineweaver_burk,True,,91.48219449113364,4.9913086218342695,8.51780550886636,0.008691378165730512,0.08517805508866359,0.0017382756331461025,0.8500077708765104
0.2,20.0,26,32074,nonlinear,True,,112.87419239907102,8.46503878558382,12.87419239907102,3.46503878558382,0.12874192399071022,0.693007757116764,0.9509922321964325
0.2,20.0,26,32074,lineweaver_burk,True,,60.612575636202706,2.7886834159927267,39.387424363797294,2.2113165840072733,0.39387424363797297,0.44226331680145464,0.6059838225900587
0.2,20.0,27,32075,nonlinear,True,,95.57368632879479,3.542717073489655,4.426313671205207,1.457282926510345,0.04426313671205207,0.291456585302069,0.8236491123332566
0.2,20.0,27,32075,lineweaver_burk,True,,81.74624112968759,3.0028698884298297,18.25375887031241,1.9971301115701703,0.1825375887031241,0.39942602231403407,0.7714597733191328
0.2,20.0,28,32076,nonlinear,True,,114.83954545330259,7.431111484479831,14.839545453302591,2.431111484479831,0.1483954545330259,0.4862222968959662,0.9195693041460012
0.2,20.0,28,32076,lineweaver_burk,True,,107.93429500189448,7.434963174914062,7.934295001894483,2.4349631749140617,0.07934295001894483,0.4869926349828123,0.9086332485381083
0.2,20.0,29,32077,nonlinear,True,,112.1076967210729,6.269560295858218,12.107696721072898,1.2695602958582182,0.12107696721072898,0.2539120591716436,0.8533385102453127
0.2,20.0,29,32077,lineweaver_burk,True,,73.94785680497316,3.153598292557717,26.052143195026844,1.8464017074422832,0.26052143195026845,0.3692803414884566,0.6659934492557287
0.2,20.0,30,32078,nonlinear,True,,132.89742661544182,8.651111835619247,32.897426615441816,3.651111835619247,0.32897426615441816,0.7302223671238494,0.9418967308576133
0.2,20.0,30,32078,lineweaver_burk,True,,82.7607418613456,3.5570814763848,17.239258138654407,1.4429185236151998,0.17239258138654406,0.28858370472303996,0.7439127641844956
0.2,20.0,31,32079,nonlinear,True,,86.19220344452633,3.8713568265420544,13.807796555473672,1.1286431734579456,0.13807796555473673,0.22572863469158913,0.9383564798351589
0.2,20.0,31,32079,lineweaver_burk,True,,83.96674118951849,4.088333021060362,16.033258810481513,0.9116669789396381,0.16033258810481513,0.18233339578792762,0.9316488246765927
0.2,20.0,32,32080,nonlinear,True,,100.11026637499607,4.521068659887761,0.11026637499607261,0.47893134011223903,0.0011026637499607262,0.0957862680224478,0.9263890209375253
0.2,20.0,32,32080,lineweaver_burk,True,,97.15191967171658,4.7734124949040595,2.848080328283416,0.2265875050959405,0.028480803282834158,0.0453175010191881,0.9188798761574605
0.2,20.0,33,32081,nonlinear,True,,97.6646637812119,4.915925943189005,2.3353362187881004,0.08407405681099522,0.023353362187881005,0.016814811362199044,0.95755578754862
0.2,20.0,33,32081,lineweaver_burk,True,,125.9582509661864,7.394057815589946,25.958250966186398,2.394057815589946,0.25958250966186397,0.47881156311798917,0.8394740568649661
0.2,20.0,34,32082,nonlinear,True,,88.72723891454102,3.842474899458961,11.272761085458981,1.1575251005410392,0.11272761085458981,0.23150502010820784,0.9402429453404522
0.2,20.0,34,32082,lineweaver_burk,True,,82.76381886817289,3.4381035591063394,17.23618113182711,1.5618964408936606,0.1723618113182711,0.3123792881787321,0.930253747209847
0.2,20.0,35,32083,nonlinear,True,,110.63915608362345,6.260015420078897,10.639156083623448,1.260015420078897,0.10639156083623448,0.2520030840157794,0.9688509491503763
0.2,20.0,35,32083,lineweaver_burk,True,,171.77009927176627,11.84453719587352,71.77009927176627,6.844537195873521,0.7177009927176627,1.3689074391747043,0.6576697644752992
0.2,20.0,36,32084,nonlinear,True,,107.74753395770995,5.705059319188971,7.747533957709948,0.7050593191889707,0.07747533957709947,0.14101186383779413,0.9257198813603843
0.2,20.0,36,32084,lineweaver_burk,True,,89.74108670819136,4.240578232338171,10.25891329180864,0.7594217676618289,0.1025891329180864,0.1518843535323658,0.8797177929015827
0.2,20.0,37,32085,nonlinear,True,,105.1434799981997,5.850182993058145,5.143479998199695,0.8501829930581453,0.051434799981996945,0.17003659861162906,0.9488760799406994
0.2,20.0,37,32085,lineweaver_burk,True,,96.36496767161279,4.462483418270448,3.6350323283872115,0.5375165817295517,0.03635032328387212,0.10750331634591034,0.9401594896457107
0.2,20.0,38,32086,nonlinear,True,,89.36175053611657,4.171922489834397,10.638249463883426,0.8280775101656026,0.10638249463883426,0.16561550203312053,0.9011872420251336
0.2,20.0,38,32086,lineweaver_burk,True,,88.39715516462998,4.490556025373374,11.602844835370021,0.5094439746266257,0.11602844835370021,0.10188879492532514,0.8973311788208929
0.2,20.0,39,32087,nonlinear,True,,117.01792146395587,9.36046542059063,17.017921463955872,4.36046542059063,0.17017921463955873,0.872093084118126,0.6783170063386821
0.2,20.0,39,32087,lineweaver_burk,True,,129.3300106605529,7.838295488905918,29.330010660552887,2.838295488905918,0.29330010660552885,0.5676590977811836,0.5959961500068023
0.2,20.0,40,32088,nonlinear,True,,104.22693982197228,4.816227715305323,4.22693982197228,0.183772284694677,0.0422693982197228,0.0367544569389354,0.9155976993536339
0.2,20.0,40,32088,lineweaver_burk,True,,89.78121765624581,3.8237268621414153,10.218782343754185,1.1762731378585847,0.10218782343754185,0.23525462757171695,0.8792682892057067
0.2,20.0,41,32089,nonlinear,True,,93.93739000490343,4.3603763931951,6.062609995096565,0.6396236068048999,0.060626099950965656,0.12792472136098,0.951210887879623
0.2,20.0,41,32089,lineweaver_burk,True,,78.43890229336792,2.9972106593687164,21.561097706632083,2.0027893406312836,0.21561097706632082,0.4005578681262567,0.8991923345410159
0.2,20.0,42,32090,nonlinear,True,,114.26211107822105,9.567591652423673,14.262111078221054,4.567591652423673,0.14262111078221054,0.9135183304847345,0.9100341806370743
0.2,20.0,42,32090,lineweaver_burk,True,,67.04293346699998,2.9046555323210055,32.95706653300002,2.0953444676789945,0.3295706653300002,0.4190688935357989,0.6873313237105747
0.2,20.0,43,32091,nonlinear,True,,99.00562946757925,6.317372912659805,0.9943705324207457,1.3173729126598053,0.009943705324207457,0.26347458253196104,0.8912533711902225
0.2,20.0,43,32091,lineweaver_burk,True,,74.3291354125307,3.8544200766643355,25.670864587469296,1.1455799233356645,0.25670864587469294,0.2291159846671329,0.7953418809968379
0.2,20.0,44,32092,nonlinear,True,,100.48637665255266,5.269829396317411,0.48637665255266427,0.26982939631741143,0.0048637665255266424,0.053965879263482286,0.9304846891026411
0.2,20.0,44,32092,lineweaver_burk,True,,94.92811940816335,4.115417621557501,5.071880591836646,0.8845823784424987,0.05071880591836646,0.17691647568849972,0.9234456496751098
0.2,20.0,45,32093,nonlinear,True,,118.03115979776373,4.730732978290497,18.031159797763735,0.2692670217095028,0.18031159797763735,0.05385340434190056,0.9243110732165143
0.2,20.0,45,32093,lineweaver_burk,True,,101.34242559123955,4.46844270539929,1.3424255912395466,0.5315572946007103,0.013424255912395466,0.10631145892014207,0.8644745395569929
0.2,20.0,46,32094,nonlinear,True,,107.63632461960769,7.412851465245264,7.6363246196076915,2.4128514652452644,0.07636324619607691,0.48257029304905286,0.7425806839220875
0.2,20.0,46,32094,lineweaver_burk,True,,79.09278624044929,4.136276744338007,20.907213759550714,0.8637232556619932,0.20907213759550713,0.17274465113239862,0.666628321743357
0.2,20.0,47,32095,nonlinear,True,,108.04823211325244,8.700985748456658,8.048232113252439,3.7009857484566577,0.08048232113252439,0.7401971496913315,0.82408730434877
0.2,20.0,47,32095,lineweaver_burk,True,,70.62262706345669,3.2819040915894386,29.37737293654331,1.7180959084105614,0.2937737293654331,0.34361918168211225,0.6907661689545981
0.2,20.0,48,32096,nonlinear,True,,120.28250693358595,6.433921187108943,20.28250693358595,1.4339211871089432,0.2028250693358595,0.28678423742178866,0.9093515923272222
0.2,20.0,48,32096,lineweaver_burk,True,,130.85109369208817,7.615779114832555,30.85109369208817,2.615779114832555,0.3085109369208817,0.523155822966511,0.9020000328542254
0.2,20.0,49,32097,nonlinear,True,,85.47672500489777,3.0631549108465785,14.523274995102227,1.9368450891534215,0.14523274995102228,0.3873690178306843,0.8845738197038063
0.2,20.0,49,32097,lineweaver_burk,True,,123.47502768397,7.059444335345829,23.475027683969998,2.0594443353458294,0.23475027683969998,0.4118888670691659,0.626214306415251
0.4,40.0,0,42048,nonlinear,True,,140.61118892940314,11.569039860748314,40.61118892940314,6.569039860748314,0.4061118892940314,1.3138079721496627,0.6942930721517463
0.4,40.0,0,42048,lineweaver_burk,True,,62.69504346917771,3.812644043509623,37.30495653082229,1.1873559564903768,0.37304956530822286,0.23747119129807537,0.32334932663483795
0.4,40.0,1,42049,nonlinear,True,,92.56592854851202,3.5134270173537616,7.434071451487981,1.4865729826462384,0.07434071451487981,0.2973145965292477,0.5331659635116888
0.4,40.0,1,42049,lineweaver_burk,True,,61.315571467907915,2.6391597097980175,38.684428532092085,2.3608402902019825,0.38684428532092086,0.4721680580403965,0.3143388107277161
0.4,40.0,2,42050,nonlinear,True,,318.5849306465444,74.2837859880182,218.58493064654442,69.2837859880182,2.1858493064654443,13.856757197603638,0.6932473567092682
0.4,40.0,2,42050,lineweaver_burk,False,nonpositive_velocity_invalid_for_reciprocal,nan,nan,nan,nan,nan,nan,nan
0.4,40.0,3,42051,nonlinear,True,,68.10474411668385,2.2160190115681506,31.895255883316153,2.7839809884318494,0.31895255883316154,0.5567961976863699,0.3837889084975159
0.4,40.0,3,42051,lineweaver_burk,True,,17.896741939250795,0.38609175904211995,82.1032580607492,4.61390824095788,0.821032580607492,0.9227816481915759,-0.64708955399927
0.4,40.0,4,42052,nonlinear,True,,89.40756113936388,2.463719390829658,10.592438860636122,2.536280609170342,0.10592438860636122,0.5072561218340683,0.7509727993575892
0.4,40.0,4,42052,lineweaver_burk,True,,175.31606254179218,9.822703261536262,75.31606254179218,4.822703261536262,0.7531606254179217,0.9645406523072524,-0.24998834860214303
0.4,40.0,5,42053,nonlinear,True,,71.63643319470066,1.6893020187678787,28.363566805299342,3.3106979812321216,0.28363566805299345,0.6621395962464243,0.5243080503856669
0.4,40.0,5,42053,lineweaver_burk,True,,81.13621268427015,3.0643817284239043,18.86378731572985,1.9356182715760957,0.18863787315729852,0.3871236543152191,0.4763744185249664
0.4,40.0,6,42054,nonlinear,True,,124.89487090811588,5.705695359886717,24.894870908115877,0.7056953598867173,0.24894870908115876,0.14113907197734346,0.6596368817394193
0.4,40.0,6,42054,lineweaver_burk,True,,70.03746698363781,2.924036065968365,29.962533016362187,2.075963934031635,0.29962533016362186,0.415192786806327,0.3527655642055172
0.4,40.0,7,42055,nonlinear,True,,190.73188957297145,19.70647579181285,90.73188957297145,14.70647579181285,0.9073188957297146,2.94129515836257,0.8391456275830922
0.4,40.0,7,42055,lineweaver_burk,True,,53.563395859908084,2.5518131916968154,46.436604140091916,2.4481868083031846,0.46436604140091914,0.4896373616606369,0.19962429391147318
0.4,40.0,8,42056,nonlinear,True,,118.3827354383116,5.587053809555091,18.3827354383116,0.5870538095550906,0.18382735438311598,0.11741076191101811,0.8663281183929803
0.4,40.0,8,42056,lineweaver_burk,True,,64.70477836617607,2.9252806061510923,35.29522163382393,2.0747193938489077,0.35295221633823926,0.41494387876978156,0.43248471079800777
0.4,40.0,9,42057,nonlinear,True,,186.629803902356,17.008253948062123,86.629803902356,12.008253948062123,0.8662980390235601,2.4016507896124244,0.834996509632608
0.4,40.0,9,42057,lineweaver_burk,True,,64.1359810808004,3.6668616503558296,35.864018919199594,1.3331383496441704,0.3586401891919959,0.2666276699288341,0.3116908331016365
0.4,40.0,10,42058,nonlinear,True,,105.22272762646368,7.979625726136286,5.22272762646368,2.9796257261362857,0.0522272762646368,0.5959251452272571,0.7340160255253363
0.4,40.0,10,42058,lineweaver_burk,True,,74.73199689384388,4.557065847886143,25.268003106156115,0.4429341521138568,0.25268003106156117,0.08858683042277135,0.6312192191697399
0.4,40.0,11,42059,nonlinear,True,,98.14261138659035,5.108845637244987,1.857388613409654,0.10884563724498708,0.01857388613409654,0.021769127448997415,0.5342999707131406
0.4,40.0,11,42059,lineweaver_burk,True,,50.93833247525395,1.578435442482258,49.06166752474605,3.4215645575177422,0.4906166752474605,0.6843129115035484,0.21129817610923962
0.4,40.0,12,42060,nonlinear,True,,115.82166938923004,5.678785848817342,15.821669389230038,0.6787858488173422,0.1582166938923004,0.13575716976346844,0.5434277415778962
0.4,40.0,12,42060,lineweaver_burk,True,,67.67796559538957,3.4793604308615906,32.322034404610434,1.5206395691384094,0.32322034404610434,0.3041279138276819,0.29333632506768115
0.4,40.0,13,42061,nonlinear,True,,151.47697425804859,11.636283475303282,51.476974258048585,6.636283475303282,0.5147697425804858,1.3272566950606564,0.9485421361433198
0.4,40.0,13,42061,lineweaver_burk,True,,74.7754197955385,3.7399124548984473,25.224580204461503,1.2600875451015527,0.25224580204461505,0.25201750902031056,0.5923634358046788
0.4,40.0,14,42062,nonlinear,True,,193.75098154309953,24.69080227488588,93.75098154309953,19.69080227488588,0.9375098154309953,3.938160454977176,0.5587011947032476
0.4,40.0,14,42062,lineweaver_burk,False,nonpositive_velocity_invalid_for_reciprocal,nan,nan,nan,nan,nan,nan,nan
0.4,40.0,15,42063,nonlinear,True,,91.00509879004942,3.7205472345538593,8.994901209950584,1.2794527654461407,0.08994901209950584,0.25589055308922815,0.6607801355468288
0.4,40.0,15,42063,lineweaver_burk,True,,3249.755186820002,322.8829903395264,3149.755186820002,317.8829903395264,31.49755186820002,63.57659806790527,-13.54620807212716
0.4,40.0,16,42064,nonlinear,True,,109.30690835205829,5.578857669821127,9.306908352058286,0.5788576698211267,0.09306908352058287,0.11577153396422535,0.7277299366526588
0.4,40.0,16,42064,lineweaver_burk,True,,75.62959541462551,3.0090939953280342,24.370404585374487,1.9909060046719658,0.24370404585374486,0.39818120093439313,0.5857712238747239
0.4,40.0,17,42065,nonlinear,True,,76.91967059144739,2.8201643317015623,23.080329408552615,2.1798356682984377,0.23080329408552613,0.43596713365968753,0.44487437802391516
0.4,40.0,17,42065,lineweaver_burk,True,,37.811798004417206,2.0308595903521276,62.188201995582794,2.9691404096478724,0.6218820199558279,0.5938280819295745,-0.06427172938618098
0.4,40.0,18,42066,nonlinear,True,,116.0777816970186,5.846548920500314,16.077781697018594,0.8465489205003136,0.16077781697018595,0.16930978410006273,0.7837796649208754
0.4,40.0,18,42066,lineweaver_burk,False,nonphysical_lineweaver_parameters,nan,nan,nan,nan,nan,nan,nan
0.4,40.0,19,42067,nonlinear,True,,77.44003936105824,3.5515566582555342,22.55996063894176,1.4484433417444658,0.2255996063894176,0.2896886683488932,0.4729338791311558
0.4,40.0,19,42067,lineweaver_burk,True,,48.56317414880322,1.4109835056601128,51.43682585119678,3.5890164943398872,0.5143682585119678,0.7178032988679774,0.2729347464833253
0.4,40.0,20,42068,nonlinear,True,,125.67776533665464,5.4332729298953,25.677765336654645,0.4332729298953,0.25677765336654645,0.08665458597905999,0.6022839592120306
0.4,40.0,20,42068,lineweaver_burk,False,nonpositive_velocity_invalid_for_reciprocal,nan,nan,nan,nan,nan,nan,nan
0.4,40.0,21,42069,nonlinear,True,,102.38830016305454,7.314028254602653,2.388300163054538,2.314028254602653,0.02388300163054538,0.4628056509205306,0.6710832596106384
0.4,40.0,21,42069,lineweaver_burk,False,nonpositive_velocity_invalid_for_reciprocal,nan,nan,nan,nan,nan,nan,nan
0.4,40.0,22,42070,nonlinear,True,,104.04236492249036,3.1299811892400164,4.042364922490364,1.8700188107599836,0.04042364922490364,0.3740037621519967,0.6622049950402193
0.4,40.0,22,42070,lineweaver_burk,True,,150.07469578344364,7.828491039629712,50.074695783443644,2.8284910396297116,0.5007469578344365,0.5656982079259423,0.4923437290681786
0.4,40.0,23,42071,nonlinear,True,,112.29757786030153,6.320532000373477,12.29757786030153,1.3205320003734773,0.1229757786030153,0.26410640007469544,0.8497639844861777
0.4,40.0,23,42071,lineweaver_burk,True,,117.28955123090489,6.937244735228596,17.28955123090489,1.937244735228596,0.1728955123090489,0.3874489470457192,0.8480010732365946
0.4,40.0,24,42072,nonlinear,True,,120.4971289722752,6.1649343840755995,20.497128972275206,1.1649343840755995,0.20497128972275205,0.2329868768151199,0.7962952238006709
0.4,40.0,24,42072,lineweaver_burk,True,,83.56717682459052,2.8176643621691815,16.43282317540948,2.1823356378308185,0.1643282317540948,0.4364671275661637,0.6642316400069761
0.4,40.0,25,42073,nonlinear,True,,133.14836480908295,7.639099696562385,33.14836480908295,2.6390996965623854,0.3314836480908295,0.5278199393124771,0.6925130928583488
0.4,40.0,25,42073,lineweaver_burk,True,,140.45329584651637,7.666123080252497,40.45329584651637,2.666123080252497,0.4045329584651637,0.5332246160504994,0.6846786552131264
0.4,40.0,26,42074,nonlinear,True,,72.01864271982468,1.9545543906969338,27.981357280175317,3.045445609303066,0.2798135728017532,0.6090891218606133,0.39601276592082735
0.4,40.0,26,42074,lineweaver_burk,True,,58.057989391231665,2.5709915709208877,41.942010608768335,2.4290084290791123,0.4194201060876834,0.48580168581582245,0.2577509160197098
0.4,40.0,27,42075,nonlinear,True,,103.55516964540455,6.015120642588421,3.555169645404547,1.0151206425884212,0.03555169645404547,0.20302412851768423,0.7852395736959819
0.4,40.0,27,42075,lineweaver_burk,True,,159.91281328824832,11.867717406071645,59.912813288248316,6.867717406071645,0.5991281328824831,1.373543481214329,0.5418016214188646
0.4,40.0,28,42076,nonlinear,True,,99.10338118214749,5.299041580832544,0.896618817852513,0.29904158083254373,0.00896618817852513,0.059808316166508745,0.6024462535255686
0.4,40.0,28,42076,lineweaver_burk,True,,87.09895063838394,4.489271552856811,12.90104936161606,0.5107284471431894,0.1290104936161606,0.10214568942863789,0.5829211176999425
0.4,40.0,29,42077,nonlinear,True,,118.56904122798106,5.800114326795585,18.56904122798106,0.800114326795585,0.1856904122798106,0.160022865359117,0.7446937016236916
0.4,40.0,29,42077,lineweaver_burk,True,,52.54269786568253,2.031574740181596,47.45730213431747,2.968425259818404,0.47457302134317475,0.5936850519636808,0.1788431859745342
0.4,40.0,30,42078,nonlinear,True,,119.13405643713628,4.575000731755519,19.13405643713628,0.4249992682444814,0.1913405643713628,0.08499985364889628,0.6918625961595057
0.4,40.0,30,42078,lineweaver_burk,True,,119.08552546935672,6.08693738197458,19.085525469356725,1.0869373819745798,0.19085525469356723,0.21738747639491596,0.6699258367386542
0.4,40.0,31,42079,nonlinear,True,,1877.5045024665542,531.842024024628,1777.5045024665542,526.842024024628,17.77504502466554,105.3684048049256,0.8488335603080972
0.4,40.0,31,42079,lineweaver_burk,True,,18.880093150166008,0.6367229321911041,81.119906849834,4.363277067808896,0.81119906849834,0.8726554135617792,-0.3111594920870351
0.4,40.0,32,42080,nonlinear,True,,153.27984746590505,9.733844393155909,53.27984746590505,4.733844393155909,0.5327984746590505,0.9467688786311819,0.886915818644192
0.4,40.0,32,42080,lineweaver_burk,True,,99.82366558667641,4.833731800986735,0.17633441332358757,0.16626819901326506,0.0017633441332358757,0.033253639802653015,0.740250971316279
0.4,40.0,33,42081,nonlinear,True,,178.28668135469573,15.402152944343813,78.28668135469573,10.402152944343813,0.7828668135469573,2.0804305888687624,0.9142733067833696
0.4,40.0,33,42081,lineweaver_burk,True,,218.9729827116179,24.694008502405623,118.9729827116179,19.694008502405623,1.189729827116179,3.9388017004811244,0.9005180877428072
0.4,40.0,34,42082,nonlinear,True,,77.95010883415051,2.7370862155664044,22.049891165849488,2.2629137844335956,0.2204989116584949,0.4525827568867191,0.3449337958001144
0.4,40.0,34,42082,lineweaver_burk,True,,68.8611069504097,6.499359404286411,31.138893049590294,1.4993594042864107,0.31138893049590294,0.2998718808572821,0.17234001686145617
0.4,40.0,35,42083,nonlinear,True,,77.42693899695165,3.583864730410211,22.573061003048352,1.4161352695897889,0.22573061003048353,0.28322705391795777,0.6477298789626265
0.4,40.0,35,42083,lineweaver_burk,True,,51.33837901208391,1.7081532044843248,48.66162098791609,3.291846795515675,0.4866162098791609,0.658369359103135,0.42443995621751407
0.4,40.0,36,42084,nonlinear,True,,99.26289106470048,4.41952868919538,0.737108935299517,0.5804713108046204,0.00737108935299517,0.11609426216092408,0.7024303492741042
0.4,40.0,36,42084,lineweaver_burk,False,nonphysical_lineweaver_parameters,nan,nan,nan,nan,nan,nan,nan
0.4,40.0,37,42085,nonlinear,True,,119.29580576653711,5.9019082567791585,19.295805766537114,0.9019082567791585,0.19295805766537114,0.1803816513558317,0.7878374026068027
0.4,40.0,37,42085,lineweaver_burk,True,,131.31741837952197,8.888123863940518,31.317418379521968,3.8881238639405176,0.31317418379521966,0.7776247727881035,0.768764699572565
0.4,40.0,38,42086,nonlinear,True,,88.64256280737568,2.2157654874494397,11.357437192624317,2.7842345125505603,0.11357437192624317,0.556846902510112,0.8556939483025913
0.4,40.0,38,42086,lineweaver_burk,True,,98.15064476220498,3.1234644974633268,1.8493552377950238,1.8765355025366732,0.018493552377950237,0.3753071005073346,0.8283000641278757
0.4,40.0,39,42087,nonlinear,True,,96.24356796295723,3.668559830883443,3.756432037042771,1.331440169116557,0.03756432037042771,0.2662880338233114,0.4660005764149179
0.4,40.0,39,42087,lineweaver_burk,False,nonpositive_velocity_invalid_for_reciprocal,nan,nan,nan,nan,nan,nan,nan
0.4,40.0,40,42088,nonlinear,True,,106.59209585212304,3.843185488266404,6.5920958521230375,1.1568145117335962,0.06592095852123038,0.23136290234671925,0.6222664909459734
0.4,40.0,40,42088,lineweaver_burk,True,,67.9953371526919,2.1191470270961306,32.0046628473081,2.8808529729038694,0.32004662847308096,0.5761705945807739,0.3844130103970349
0.4,40.0,41,42089,nonlinear,True,,136.348411536513,8.585751308689543,36.348411536513,3.5857513086895434,0.36348411536513,0.7171502617379086,0.8562912185320337
0.4,40.0,41,42089,lineweaver_burk,True,,126.52701543543566,13.109122275499493,26.527015435435658,8.109122275499493,0.2652701543543566,1.6218244550998986,0.7408286012838041
0.4,40.0,42,42090,nonlinear,True,,129.07521094023335,4.234054631746954,29.075210940233347,0.7659453682530462,0.2907521094023335,0.15318907365060924,0.8171919640424027
0.4,40.0,42,42090,lineweaver_burk,True,,363.88841831211965,22.755241389405647,263.88841831211965,17.755241389405647,2.6388841831211964,3.5510482778811294,-0.8544586738405866
0.4,40.0,43,42091,nonlinear,True,,96.35422775907682,4.26308841852245,3.645772240923179,0.7369115814775498,0.03645772240923179,0.14738231629550996,0.4595400610817446
0.4,40.0,43,42091,lineweaver_burk,True,,67.92566417756407,3.9799927620781643,32.07433582243593,1.0200072379218357,0.3207433582243593,0.20400144758436714,0.30081372660795824
0.4,40.0,44,42092,nonlinear,True,,75.82148399308466,2.9747901056216355,24.178516006915345,2.0252098943783645,0.24178516006915346,0.4050419788756729,0.6112943300923479
0.4,40.0,44,42092,lineweaver_burk,True,,50.448300800237156,1.6380047847258685,49.551699199762844,3.3619952152741313,0.49551699199762844,0.6723990430548262,0.36514601492852783
0.4,40.0,45,42093,nonlinear,True,,113.9283560495515,3.5155033763234314,13.928356049551496,1.4844966236765686,0.13928356049551496,0.2968993247353137,0.7091427155884897
0.4,40.0,45,42093,lineweaver_burk,False,nonpositive_velocity_invalid_for_reciprocal,nan,nan,nan,nan,nan,nan,nan
0.4,40.0,46,42094,nonlinear,True,,71.89738081488511,3.516065040809161,28.10261918511489,1.4839349591908388,0.2810261918511489,0.29678699183816776,0.5613132807530341
0.4,40.0,46,42094,lineweaver_burk,True,,53.23499987451084,3.0033495907136496,46.76500012548916,1.9966504092863504,0.4676500012548916,0.3993300818572701,0.4018465173025605
0.4,40.0,47,42095,nonlinear,True,,82.80328362429843,2.9779511833304335,17.19671637570157,2.0220488166695665,0.1719671637570157,0.4044097633339133,0.6385238349895623
0.4,40.0,47,42095,lineweaver_burk,False,nonpositive_velocity_invalid_for_reciprocal,nan,nan,nan,nan,nan,nan,nan
0.4,40.0,48,42096,nonlinear,True,,78.07361594039867,2.4597339322375373,21.926384059601332,2.5402660677624627,0.21926384059601334,0.5080532135524926,0.39596455389660945
0.4,40.0,48,42096,lineweaver_burk,False,nonphysical_lineweaver_parameters,nan,nan,nan,nan,nan,nan,nan
0.4,40.0,49,42097,nonlinear,True,,186.25034909142917,16.29896075895577,86.25034909142917,11.298960758955769,0.8625034909142917,2.259792151791154,0.6147242311786787
0.4,40.0,49,42097,lineweaver_burk,True,,74.46980996705535,3.2113651717977736,25.530190032944645,1.7886348282022264,0.25530190032944644,0.35772696564044526,0.31711533240760403
